-- phpMyAdmin SQL Dump
-- version 4.8.5
-- https://www.phpmyadmin.net/
--
-- Host: localhost:3306
-- Generation Time: 14-Mar-2019 às 12:33
-- Versão do servidor: 10.3.13-MariaDB
-- versão do PHP: 7.3.2

SET SQL_MODE = "NO_AUTO_VALUE_ON_ZERO";
SET AUTOCOMMIT = 0;
START TRANSACTION;
SET time_zone = "+00:00";


/*!40101 SET @OLD_CHARACTER_SET_CLIENT=@@CHARACTER_SET_CLIENT */;
/*!40101 SET @OLD_CHARACTER_SET_RESULTS=@@CHARACTER_SET_RESULTS */;
/*!40101 SET @OLD_COLLATION_CONNECTION=@@COLLATION_CONNECTION */;
/*!40101 SET NAMES utf8mb4 */;

--
-- Database: `id6912152_etica`
--

-- --------------------------------------------------------

--
-- Estrutura da tabela `atualizacao`
--

CREATE TABLE `atualizacao` (
  `id` int(11) NOT NULL,
  `nome` text COLLATE utf8_unicode_ci NOT NULL,
  `atualizacao` text COLLATE utf8_unicode_ci NOT NULL
) ENGINE=InnoDB DEFAULT CHARSET=utf8 COLLATE=utf8_unicode_ci;

--
-- Extraindo dados da tabela `atualizacao`
--

INSERT INTO `atualizacao` (`id`, `nome`, `atualizacao`) VALUES
(1, 'Joao Pedro', 'Agora definido usuario para login, podendo usar não somente o nome para isso como também qualquer subnick que desejar');

-- --------------------------------------------------------

--
-- Estrutura da tabela `comentarios`
--

CREATE TABLE `comentarios` (
  `id` int(255) NOT NULL,
  `nome` varchar(255) NOT NULL,
  `comentario` text NOT NULL
) ENGINE=InnoDB DEFAULT CHARSET=latin1;

--
-- Extraindo dados da tabela `comentarios`
--

INSERT INTO `comentarios` (`id`, `nome`, `comentario`) VALUES
(6, 'Joao Pedro Cerqueira', 'Muito ótima a ideia e a interface!! Só queria pedir que deixasse uma observação no ato do cadastro para o usuário colocar o nome sem os acentos, pois ocorreram erros comigo quando coloquei os mesmos. Mas estão de parabéns!!!'),
(7, 'Pedro Henrique Cardoso dos Anjos', 'Achei interessante'),
(9, 'Josias da Silva Alves Souza', 'Ótima iniciativa pessoal!!\r\nParabéns....'),
(10, 'José Felipe Fernández', 'A interface é intuitiva e agradável. O sistema é simples, mas funcional.'),
(11, 'Andrey', 'Olá galera,\r\nO site está bem legal e vai ser uma ferramenta muito útil para a universidade. Conforme o público for conhecendo, acredito que muita gente pode usufruir! Estão de parabéns!'),
(12, 'Maycon Josué Nascimento', 'Gostei do projeto, parabéns pela iniciativa! '),
(13, 'João Victor Correia da Silva ', 'Projeto muito interessante vai ajudar a criar um grupo de estudo para poder melhorar o desempenho acadêmico. '),
(14, 'Priscila Santos', 'mutio bom. ajudou bastante para com que possamos estudar e tirar duvidas nota 10'),
(15, 'Lukas Araújo', 'Ótimo programa, com fácil entendimento. Muito bom, era o que realmente eu estava precisando, agora irei montar meus grupos de estudos.'),
(16, 'Carlos', 'Ótimo meio de compartilhar conteúdo e se reunir com outros estudantes para se preparar para a prova.'),
(17, 'kevinkastro2008@gmail.com', 'Quando você chega em casa, achando que só tem ovos na geladeira e se depara com um grande bolo de chocolate com morango e chantilly, consegue imaginar o meu sentimento ao abrir essa plataforma. É algo como uma surpresa exorbitante misturado com uma alegria nimia de poder desfrutar daquilo que não se esperava . Não posso deixar dar minhas congratulações pela criatividade, importante, e iniciativa dos colaboradores e simpatizantes . As dimensões que esse projeto pode tomar são inimagináveis, é um pequeno passo à universidade, mas um grande salto para a nação ! '),
(18, 'Higor Santos', 'O sistema possui uma proposta muito interessante e que agrega muito ao ganho de conhecimento, pois o estudo em grupo se mostra como uma ótima alternativa para os estudantes. O uso do sistema é intuitivo permitindo assim um uso fácil. Parabéns ao grupo.'),
(19, 'Walber', 'Uma ótima ferramenta para o desenvolvimento e aprendizado mútuo. Parabéns aos desenvolvedores.'),
(20, 'samuel rebouças de jesus', 'Site muito bem estruturado, que pode ser de grande valia para a integração e rendimento nos estudos dos estudantes da UFRB'),
(21, 'joão vitor da rocha cardoso', 'uma iniciativa muito interessante, que proporciona uma maior interação entre os discentes da UFRB e que possibilita um maior rendimento proporcionado pelo trabalho/estudo e grupo.\r\n\r\n*****= 5 estrelas'),
(22, 'Luan Oliveira Silva', 'Eu gostei da ideia, inovadora e super criativa. Aparentemente a plataforma do site parece ser boa e de fácil utilização, porém é preciso ver como ela se comportará com o acesso de vários estudantes. '),
(23, '', '1'),
(24, 'ycbyslcl', '1'),
(25, 'ycbyslcl', '1'),
(26, 'ycbyslcl', '1'),
(27, 'ycbyslcl', '1'),
(28, 'ycbyslcl', '1'),
(29, 'ycbyslcl', '1'),
(30, 'ycbyslcl', '1'),
(31, 'ycbyslcl', '1'),
(32, 'ycbyslcl', 'response.write(9424603*9703295)'),
(33, 'ycbyslcl', '1'),
(34, 'ycbyslcl', '1'),
(35, 'ycbyslcl', '1'),
(36, 'ycbyslcl', '\"+response.write(9424603*9703295)+\"'),
(37, 'ycbyslcl', '1'),
(38, 'ycbyslcl', '1'),
(39, 'ycbyslcl', '1'),
(40, 'ycbyslcl', '1'),
(41, 'ycbyslcl', '1'),
(42, 'ycbyslcl', '1'),
(43, 'ycbyslcl', '1'),
(44, 'ycbyslcl', '1'),
(45, 'ycbyslcl', '1'),
(46, 'ycbyslcl', '1'),
(47, 'ycbyslcl', '1'),
(48, 'ycbyslcl', '1'),
(49, 'ycbyslcl', '1'),
(50, 'ycbyslcl', '\r\n SomeCustomInjectedHeader:injected_by_wvs'),
(51, 'ycbyslcl', 'set|set&set'),
(52, 'ycbyslcl', '1'),
(53, 'ycbyslcl', '1'),
(54, 'ycbyslcl', '1'),
(55, 'ycbyslcl', '1'),
(56, 'ycbyslcl', '${100190+99377}'),
(57, 'ycbyslcl', '\n SomeCustomInjectedHeader:injected_by_wvs'),
(58, 'ycbyslcl', '1'),
(59, 'ycbyslcl', '1'),
(60, 'ycbyslcl', '\"set|set&set\"'),
(61, 'ycbyslcl', '\r SomeCustomInjectedHeader:injected_by_wvs'),
(62, 'ycbyslcl', '1'),
(63, 'ycbyslcl', '1'),
(64, 'ycbyslcl', '1'),
(65, 'ycbyslcl', 'Array'),
(66, 'ycbyslcl', '1'),
(67, 'ycbyslcl', '1'),
(68, 'ycbyslcl', '\nset|set&set\n'),
(69, 'ycbyslcl', '1&n963289=v989262'),
(70, 'ycbyslcl', '1'),
(71, 'ycbyslcl', '1'),
(72, 'ycbyslcl', '1'),
(73, 'ycbyslcl', '1'),
(74, 'ycbyslcl', '1'),
(75, 'ycbyslcl', '`set|set&set`'),
(76, 'ycbyslcl', '1'),
(77, 'ycbyslcl', '1'),
(78, 'ycbyslcl', '1'),
(79, 'ycbyslcl', '1'),
(80, 'ycbyslcl', '1'),
(81, 'ycbyslcl', ';set|set&set;'),
(82, 'ycbyslcl', '1'),
(83, 'ycbyslcl', '1'),
(84, 'ycbyslcl', '1'),
(85, 'ycbyslcl', ')'),
(86, 'ycbyslcl', '1'),
(87, 'ycbyslcl', '!(()&&!|*|*|'),
(88, 'ycbyslcl', 'http://some-inexistent-website.acu/some_inexistent_file_with_long_name?.jpg'),
(89, 'ycbyslcl', '1'),
(90, 'ycbyslcl', 'Array'),
(91, 'ycbyslcl', '1'),
(92, 'ycbyslcl', '1some_inexistent_file_with_long_name\0.jpg'),
(93, 'ycbyslcl', '^(#$!@#$)(()))******'),
(94, 'ycbyslcl', '1'),
(95, 'ycbyslcl', 'Http://testasp.vulnweb.com/t/fit.txt'),
(96, 'ycbyslcl', '09awIRlW'),
(97, 'ycbyslcl', '1'),
(98, 'ycbyslcl', '1'),
(99, 'ycbyslcl', '1'),
(100, 'ycbyslcl', '1'),
(101, 'ycbyslcl', '-1 OR 2+743-743-1=0+0+0+1 -- '),
(102, 'ycbyslcl', '1'),
(103, 'ycbyslcl', '1'),
(104, 'ycbyslcl', 'http://testasp.vulnweb.com/t/xss.html?%00.jpg'),
(105, 'ycbyslcl', 'http://testasp.vulnweb.com/t/fit.txt?.jpg'),
(106, 'ycbyslcl', '1'),
(107, 'ycbyslcl', '1'),
(108, 'ycbyslcl', 'testasp.vulnweb.com'),
(109, 'ycbyslcl', '1'),
(110, 'ycbyslcl', '1'),
(111, 'ycbyslcl', '1'),
(112, 'ycbyslcl', '-1 OR 2+99-99-1=0+0+0+1'),
(113, 'ycbyslcl', '1'),
(114, 'ycbyslcl', 'avaliar.php'),
(115, 'ycbyslcl', '1'),
(116, 'ycbyslcl', '1'),
(117, 'ycbyslcl', 'avaliar.php\0'),
(118, 'ycbyslcl', ';print(md5(acunetix_wvs_security_test));'),
(119, 'ycbyslcl', '-1\" OR 2+677-677-1=0+0+0+1 -- '),
(120, 'ycbyslcl', 'http://hitti35Cuh96G.bxss.me/'),
(121, 'ycbyslcl', '1'),
(122, 'ycbyslcl', '1'),
(123, 'ycbyslcl', '1'),
(124, 'ycbyslcl', 'avaliar.php/.'),
(125, 'ycbyslcl', '1'),
(126, 'ycbyslcl', ')))))))))))))))))))))))))))))))))))))))))))))))))))))))))))))))))))))'),
(127, 'ycbyslcl', '1'),
(128, 'ycbyslcl', '0'),
(129, 'ycbyslcl', '1'),
(130, 'ycbyslcl', '1'),
(131, 'ycbyslcl', '1'),
(132, 'ycbyslcl', '0'),
(133, 'ycbyslcl', 'www.acunetix.com'),
(134, 'ycbyslcl', '1'),
(135, 'ycbyslcl', '1'),
(136, 'ycbyslcl', '\";print(md5(acunetix_wvs_security_test));$a=\"'),
(137, 'ycbyslcl', '1'),
(138, 'ycbyslcl', '<!--'),
(139, 'ycbyslcl', '1'),
(140, 'ycbyslcl', '1'),
(141, 'ycbyslcl', '1'),
(142, 'ycbyslcl', '\";print(md5(acunetix_wvs_security_test));$a=\"'),
(143, 'ycbyslcl', '1'),
(144, 'ycbyslcl', '${@print(md5(acunetix_wvs_security_test))}'),
(145, 'ycbyslcl', '1'),
(146, 'ycbyslcl', '1'),
(147, 'ycbyslcl', '1'),
(148, 'ycbyslcl', '1'),
(149, 'ycbyslcl', '1'),
(150, 'ycbyslcl', '1'),
(151, 'ycbyslcl', '1_916921'),
(152, 'ycbyslcl', '1'),
(153, 'ycbyslcl', '1'),
(154, 'ycbyslcl', '1'),
(155, 'ycbyslcl', '1'),
(156, 'ycbyslcl', 'eBe2OodD'),
(157, 'ycbyslcl', '1'),
(158, 'ycbyslcl', '1'),
(159, 'ycbyslcl', '1?\0xa7??'),
(160, 'ycbyslcl', '-1;select pg_sleep(15); -- '),
(161, 'ycbyslcl', '1'),
(162, 'ycbyslcl', '1'),
(163, 'ycbyslcl', '@@X1og1'),
(164, 'ycbyslcl', '-1);select pg_sleep(22); -- '),
(165, 'ycbyslcl', '1'),
(166, 'ycbyslcl', 'JyI='),
(167, 'ycbyslcl', '1'),
(168, 'ycbyslcl', '-1));select pg_sleep(22); -- '),
(169, 'ycbyslcl', '1'),
(170, 'ycbyslcl', '?\'?\"\"'),
(171, 'ycbyslcl', '1'),
(172, 'ycbyslcl', 'rw7aYknv'),
(173, 'ycbyslcl', '../../../../../../../../../../etc/passwd'),
(174, 'ycbyslcl', '(select convert(int,CHAR(65)))'),
(175, 'ycbyslcl', '..%2F..%2F..%2F..%2F..%2F..%2F..%2F..%2F..%2F..%2Fetc%2Fpasswd%00.jpg'),
(176, 'ycbyslcl', '../../../../../../../../../../etc/passwd\0.jpg'),
(177, 'ycbyslcl', 'Li4vLi4vLi4vLi4vLi4vLi4vLi4vLi4vLi4vLi4vZXRjL3Bhc3N3ZAAucG5n'),
(178, 'ycbyslcl', '..%2F..%2F..%2F..%2F..%2F..%2F..%2F..%2F..%2F..%2Fetc%2Fpasswd%00.jpg'),
(179, 'ycbyslcl', '/../..//../..//../..//../..//../..//etc/passwd\0.jpg'),
(180, 'ycbyslcl', '.\\./.\\./.\\./.\\./.\\./.\\./etc/passwd'),
(181, 'ycbyslcl', '/etc/passwd'),
(182, 'ycbyslcl', '../..//../..//../..//../..//../..//../..//../..//../..//etc/passwd'),
(183, 'ycbyslcl', '../.../.././../.../.././../.../.././../.../.././../.../.././../.../.././etc/passwd'),
(184, 'ycbyslcl', '..??..??..??..??..??..??..??..??etc/passwd'),
(185, 'ycbyslcl', 'invalid../../../../../../../../../../etc/passwd/././././././././././././././././././././././././././././././././././././././././././././././././././././././././././././././././././././././././././././././././././././././././././././././././././././././././././././././././././././././././././././././././././././././././././././././././././././././././././././././././././././././././././././././././././././././././././././././././././././././././././././././././././././././././././././././././././././././././././././././././././././././././././././././././././././././././././././././././././././././././././././././././././././././././././././././././././././././././././././././././././././././././././././././././././././././././././././././././././././././././././././././././././././././././././././././././././././././././././././././././././././././././././././././././././././././././././././././././././././././././././././././././././././././././././././././././././././././././././././././././././././././././././././././././././././././././././././././././././././././././././././././././././././././././././././././././././././././././././././././././././././././././././././././././././././././././././././././././././././././././././././././././././././././././././././././././././././././././././././././././././././././././././././././././././././././././././././././././././././././././././././././././././././././././././././././././././././././././././././././././././././././././././././././././././././././././././././././././././././././././././././././././././././././././././././././././././././././././././././././././././././././././././././././././././././././././././././././././././././././././././././././././././././././././././././././././././././././././././././././././././././././././././././././././././././././././././././././././././././././././././././././././././././././././././././././././././././././././././././././././././././././././././././././././././././././././././././././././././././././././././././././././././././././././././././././././././././././././././././././././././././././././././././././././././././././././././././././././././././././././././././././././././././././././././././././././././././././././././././././././././././././././././././././././././././././././././././././././././././././././././././././././././././././././././././././././././././././././././././././././././././././././././././././././././././././././././././././././././././././././././././././././././././././././././././././././././././././././././././././././././././././././././././././././././././././././././././././././././././././././././././././././././././././././././././././././././././././././././././././././././././././././././././././././././././././././././././././././././././././././././././././././././././././././././././././././././././././././././././././././././././././././././././././././././././././././././././././././././././././././././././././././././././././././././././././././././././././././././././././././././././././././././././././././././././././././././././././././././././././././././././././././././././././././././././././././././././././././././././././././././././././././././././././././././././././././././././././././././././././././././././././././././././././././././././././././././././././././././././././././././././././././././././././././././././././././././././././././././././././././././././././././././././././././././././././././././././././././././././././././././././././././././././././././././././././././././././././././././././././././././././././././././././././././././././././././././././././././././././././././././././././././././././././././././././././././././././././././././././././././././././././././././././././././././././././././././././././././././././././././././././././././././././././././././././././././././././././././././././././././././././././././././././././././././././././././././././././././././././././././././././././././././././././././././././.'),
(186, 'ycbyslcl', 'file:///etc/passwd'),
(187, 'ycbyslcl', '/../../../../../../../etc/passwd'),
(188, 'ycbyslcl', 'WEB-INF/web.xml'),
(189, 'ycbyslcl', 'WEB-INFweb.xml'),
(190, 'ycbyslcl', '../../../../../../../../../../windows/win.ini'),
(191, 'ycbyslcl', '../../../../../../../../../../boot.ini'),
(192, 'ycbyslcl', '../../../../../../../../../../windows/win.ini\0.jpg'),
(193, 'ycbyslcl', '????????????????????????????????????????????????windows??win.ini'),
(194, 'ycbyslcl', '................windowswin.ini'),
(195, 'ycbyslcl', '................windowswin.ini'),
(196, 'ycbyslcl', '/.\\./.\\./.\\./.\\./.\\./.\\./windows/win.ini'),
(197, 'ycbyslcl', '../..//../..//../..//../..//../..//../..//../..//../..//windows/win.ini'),
(198, 'ycbyslcl', '../.../.././../.../.././../.../.././../.../.././../.../.././../.../.././windows/win.ini'),
(199, 'ycbyslcl', 'WEB-INF/web.xml?'),
(200, 'ycbyslcl', 'WEB-INFweb.xml?'),
(201, 'ycbyslcl', '1acuYh3RG2nlDe');

-- --------------------------------------------------------

--
-- Estrutura da tabela `entrada`
--

CREATE TABLE `entrada` (
  `id` int(255) NOT NULL,
  `idmembro` int(255) NOT NULL,
  `nomemembro` varchar(255) NOT NULL,
  `idgrupo` int(255) NOT NULL
) ENGINE=InnoDB DEFAULT CHARSET=latin1;

--
-- Extraindo dados da tabela `entrada`
--

INSERT INTO `entrada` (`id`, `idmembro`, `nomemembro`, `idgrupo`) VALUES
(34, 31, 'Ronald Carvalho', 47),
(35, 32, 'Gustavo Santiago Sousa', 47),
(36, 29, 'ConcepT', 48),
(37, 29, 'ConcepT', 49),
(38, 32, 'Gustavo Santiago Sousa', 49),
(39, 31, 'Ronald Carvalho', 48),
(41, 38, 'joaopedrocerqueira', 47),
(42, 38, 'joaopedrocerqueira', 49),
(43, 45, 'Pedro Henrique Cardoso dos Anjos', 47),
(44, 46, 'Josias da Silva Alves Souza', 48),
(45, 46, 'Josias da Silva Alves Souza', 49),
(46, 47, 'Leonardo', 47),
(47, 54, 'Alan', 47),
(48, 63, 'Higor Santos', 47),
(49, 66, 'joão vitor da rocha cardoso', 49),
(50, 70, 'Breno', 47),
(51, 32, 'Gustavo Santiago Sousa', 50),
(52, 74, 'Meison Williams', 49),
(53, 74, 'Meison Williams', 47),
(54, 75, 'Rafael dos Santos Fonseca', 48),
(55, 76, 'ycbyslcl', 0);

-- --------------------------------------------------------

--
-- Estrutura da tabela `grupos`
--

CREATE TABLE `grupos` (
  `id` int(255) NOT NULL,
  `criador` text NOT NULL,
  `materia` text NOT NULL,
  `contato` text NOT NULL,
  `descri` text NOT NULL,
  `icone` int(255) NOT NULL,
  `membros` int(255) NOT NULL DEFAULT 0,
  `link` text NOT NULL
) ENGINE=InnoDB DEFAULT CHARSET=latin1;

--
-- Extraindo dados da tabela `grupos`
--

INSERT INTO `grupos` (`id`, `criador`, `materia`, `contato`, `descri`, `icone`, `membros`, `link`) VALUES
(47, 'ConcepT', 'Fisica I', '(75)9.9965-8126', 'Bora estudar galeraaaa, horario e dia a definir ainda.\r\nFoco:\r\n\r\nRotação\r\nCentro de Massa', 11, 9, ''),
(48, 'Gustavo Santiago Sousa', 'Fisica II', '75982262827', 'Grupo de estudo para fisica II\r\nencontro as 18hrs na biblioteca terça e quinta para resolver as listas de Edwin', 12, 4, 'https://chat.whatsapp.com/6QIUmeWAJtC2bj815bZU4N'),
(49, 'Ronald Carvalho', 'Calculo I', '(75) 99983-4096', 'Olá galera. As monitorias acontecem dias de terça e quinta, sendo assim.. poderíamos nos reunir logo após elas. Mais informações entrem em contato! ', 1, 6, ''),
(50, 'ConcepT', 'P.D I', '(75)9.9965-8126', 'Grupo criado apenas para teste', 8, 1, ''),
(51, 'Gustavo Santiago Sousa', 'Calculo IV', '759234675', 'ijigf', 4, 0, ''),
(52, '', 'Calculo II', '', '1', 2, 0, '1'),
(53, '', 'Calculo I', '', '1', 1, 0, '1'),
(54, '', 'Calculo III', '', '1', 3, 0, '1'),
(55, 'ycbyslcl', 'Calculo I', '', '1', 1, 0, '1'),
(56, 'ycbyslcl', 'Calculo I', '', '1', 1, 0, '1'),
(57, 'ycbyslcl', 'Calculo I', '', '1', 1, 0, '1'),
(58, 'ycbyslcl', 'Calculo I', '', '1', 1, 0, '1'),
(59, 'ycbyslcl', 'Calculo II', '', '1', 2, 0, '1'),
(60, 'ycbyslcl', 'Calculo I', '', '1', 1, 0, '1'),
(61, 'ycbyslcl', 'Calculo I', '', '1', 1, 0, '1'),
(62, 'ycbyslcl', 'Calculo II', '', '1', 2, 0, '1'),
(63, 'ycbyslcl', 'Calculo I', '', '1', 1, 0, '1'),
(64, 'ycbyslcl', 'Calculo I', '', '1', 1, 0, '1'),
(65, 'ycbyslcl', 'Calculo I', '', '1', 1, 0, '1'),
(66, 'ycbyslcl', 'Calculo II', '', '1', 2, 0, '1'),
(67, 'ycbyslcl', 'Calculo I', '', '1', 1, 0, '1'),
(68, 'ycbyslcl', 'Calculo I', '', '1', 1, 0, '1'),
(69, 'ycbyslcl', 'Calculo I', '', '1', 1, 0, '1'),
(70, 'ycbyslcl', 'Calculo I', '', '1', 1, 0, '1'),
(71, 'ycbyslcl', 'Calculo I', '', '1', 1, 0, '1'),
(72, 'ycbyslcl', 'Calculo I', '', '1', 1, 0, '1'),
(73, 'ycbyslcl', 'Calculo I', '', '1', 1, 0, '1'),
(74, 'ycbyslcl', 'Calculo III', '', '1', 3, 0, '1'),
(75, 'ycbyslcl', 'Calculo II', '', '1', 2, 0, '1'),
(76, 'ycbyslcl', 'Calculo II', '', '1', 2, 0, '1'),
(77, 'ycbyslcl', 'Calculo I', '', '1', 1, 0, '1'),
(78, 'ycbyslcl', 'Calculo I', '', '1', 1, 0, '1'),
(79, 'ycbyslcl', 'Calculo III', '', '1', 3, 0, '1'),
(80, 'ycbyslcl', 'Calculo III', '', '1', 3, 0, '1'),
(81, 'ycbyslcl', 'Calculo II', '', '1', 2, 0, '1'),
(82, 'ycbyslcl', 'Calculo I', '', '1', 1, 0, '1'),
(83, 'ycbyslcl', 'Calculo III', '', '1', 3, 0, '1'),
(84, 'ycbyslcl', '', '', '1', 0, 0, '1'),
(85, 'ycbyslcl', 'Calculo I', '', '1', 1, 0, '1'),
(86, 'ycbyslcl', 'Calculo III', '', '1', 3, 0, '1'),
(87, 'ycbyslcl', 'Calculo I', '', '1', 1, 0, '1'),
(88, 'ycbyslcl', '', '', '1', 0, 0, '1'),
(89, 'ycbyslcl', 'Calculo III', '', '1', 3, 0, '1'),
(90, 'ycbyslcl', 'Calculo II', '', '1', 2, 0, '1'),
(91, 'ycbyslcl', 'Calculo I', '', '1', 1, 0, '1'),
(92, 'ycbyslcl', 'Calculo I', '', 'response.write(9325415*9009464)', 1, 0, '1'),
(93, 'ycbyslcl', '', '', '1', 0, 0, '1'),
(94, 'ycbyslcl', 'Calculo II', '', '1', 2, 0, '1'),
(95, 'ycbyslcl', 'Calculo I', '', '1', 1, 0, '1'),
(96, 'ycbyslcl', '', '', '1', 0, 0, '1'),
(97, 'ycbyslcl', 'Calculo I', '', '\"+response.write(9325415*9009464)+\"', 1, 0, '1'),
(98, 'ycbyslcl', 'Calculo II', '', '1', 2, 0, '1'),
(99, 'ycbyslcl', 'Calculo I', '', '1', 1, 0, '1'),
(100, 'ycbyslcl', 'Calculo II', '', '1', 2, 0, '1'),
(101, 'ycbyslcl', 'Calculo II', '', 'response.write(9871034*9017588)', 2, 0, '1'),
(102, 'ycbyslcl', '', '', '1', 0, 0, '1'),
(103, 'ycbyslcl', 'Calculo I', '', '\r\n SomeCustomInjectedHeader:injected_by_wvs', 1, 0, '1'),
(104, 'ycbyslcl', 'Calculo II', '', '1', 2, 0, '1'),
(105, 'ycbyslcl', 'Calculo I', '', '1', 1, 0, '1'),
(106, 'ycbyslcl', 'Calculo I', '', '1', 1, 0, '1'),
(107, 'ycbyslcl', 'Calculo I', '', '\n SomeCustomInjectedHeader:injected_by_wvs', 1, 0, '1'),
(108, 'ycbyslcl', 'Calculo II', '', '1', 2, 0, '1'),
(109, 'ycbyslcl', 'Calculo II', '', '\"+response.write(9871034*9017588)+\"', 2, 0, '1'),
(110, 'ycbyslcl', 'Calculo I', '', '\r SomeCustomInjectedHeader:injected_by_wvs', 1, 0, '1'),
(111, 'ycbyslcl', 'Calculo I', '', '1', 1, 0, '1'),
(112, 'ycbyslcl', 'Calculo I', '', '1', 1, 0, '1'),
(113, 'ycbyslcl', 'Calculo I', '', '1', 1, 0, '1'),
(114, 'ycbyslcl', 'Calculo III', '', 'response.write(9664868*9914014)', 3, 0, '1'),
(115, 'ycbyslcl', 'Calculo III', '', '1', 3, 0, '1'),
(116, 'ycbyslcl', 'Calculo I', '', '1', 1, 0, '1'),
(117, 'ycbyslcl', 'Calculo II', '', '\r\n SomeCustomInjectedHeader:injected_by_wvs', 2, 0, '1'),
(118, 'ycbyslcl', 'Calculo I', '', '1', 1, 0, '1'),
(119, 'ycbyslcl', 'Calculo III', '', '1', 3, 0, '1'),
(120, 'ycbyslcl', 'Calculo I', '', '1', 1, 0, '1'),
(121, 'ycbyslcl', 'Calculo I', '', '1', 1, 0, '1'),
(122, 'ycbyslcl', 'Calculo I', '', '1', 1, 0, '1'),
(123, 'ycbyslcl', 'Calculo III', '', '\"+response.write(9664868*9914014)+\"', 3, 0, '1'),
(124, 'ycbyslcl', 'Calculo I', '', '1', 1, 0, '1'),
(125, 'ycbyslcl', 'Calculo II', '', '\n SomeCustomInjectedHeader:injected_by_wvs', 2, 0, '1'),
(126, 'ycbyslcl', 'Calculo III', '', '1', 3, 0, '1'),
(127, 'ycbyslcl', 'Calculo II', '', '1', 2, 0, '1'),
(128, 'ycbyslcl', 'Calculo II', '', '1', 2, 0, '1'),
(129, 'ycbyslcl', 'Calculo I', '', '1', 1, 0, 'response.write(9365550*9882864)'),
(130, 'ycbyslcl', 'Calculo II', '', '\r SomeCustomInjectedHeader:injected_by_wvs', 2, 0, '1'),
(131, 'ycbyslcl', 'Calculo I', '', '1', 1, 0, '1'),
(132, 'ycbyslcl', 'Calculo III', '', '1', 3, 0, '1'),
(133, 'ycbyslcl', 'Calculo II', '', '1', 2, 0, '1'),
(134, 'ycbyslcl', 'Calculo III', '', '1', 3, 0, '1'),
(135, 'ycbyslcl', 'Calculo III', '', '\r\n SomeCustomInjectedHeader:injected_by_wvs', 3, 0, '1'),
(136, 'ycbyslcl', 'Calculo I', '', '1', 1, 0, '1'),
(137, 'ycbyslcl', 'Calculo II', '', '1', 2, 0, '1'),
(138, 'ycbyslcl', 'Calculo II', '', '1', 2, 0, '1'),
(139, 'ycbyslcl', 'Calculo III', '', '\n SomeCustomInjectedHeader:injected_by_wvs', 3, 0, '1'),
(140, 'ycbyslcl', '', '', '1', 0, 0, '1'),
(141, 'ycbyslcl', 'Calculo I', '', '1', 1, 0, '\"+response.write(9365550*9882864)+\"'),
(142, 'ycbyslcl', 'Calculo II', '', '1', 2, 0, '1'),
(143, 'ycbyslcl', 'Calculo III', '', '1', 3, 0, '1'),
(144, 'ycbyslcl', 'Calculo I', '', '1', 1, 0, '1'),
(145, 'ycbyslcl', 'Calculo II', '', '1', 2, 0, '1'),
(146, 'ycbyslcl', 'Calculo III', '', '\r SomeCustomInjectedHeader:injected_by_wvs', 3, 0, '1'),
(147, 'ycbyslcl', 'Calculo II', '', '1', 2, 0, 'response.write(9079350*9145502)'),
(148, 'ycbyslcl', 'Calculo I', '', '${99599+100129}', 1, 0, '1'),
(149, 'ycbyslcl', 'Calculo III', '', '1', 3, 0, '1'),
(150, 'ycbyslcl', 'Calculo I', '', '1', 1, 0, '1'),
(151, 'ycbyslcl', 'Calculo I', '', '1', 1, 0, '\r\n SomeCustomInjectedHeader:injected_by_wvs'),
(152, 'ycbyslcl', 'Calculo II', '', '${99064+100246}', 2, 0, '1'),
(153, 'ycbyslcl', 'Calculo III', '', '1', 3, 0, '1'),
(154, 'ycbyslcl', 'Calculo II', '', '1', 2, 0, '1'),
(155, 'ycbyslcl', 'Calculo I', '', '1', 1, 0, '1'),
(156, 'ycbyslcl', '', '', '1', 0, 0, '1'),
(157, 'ycbyslcl', 'Calculo III', '', '${99367+99014}', 3, 0, '1'),
(158, 'ycbyslcl', 'Calculo III', '', '1', 3, 0, '1'),
(159, 'ycbyslcl', 'Calculo I', '', '1', 1, 0, '1'),
(160, 'ycbyslcl', 'Calculo I', '', '1', 1, 0, '${100079+99613}'),
(161, 'ycbyslcl', 'Calculo I', '', '1', 1, 0, '\n SomeCustomInjectedHeader:injected_by_wvs'),
(162, 'ycbyslcl', 'Calculo II', '', '1', 2, 0, '\"+response.write(9079350*9145502)+\"'),
(163, 'ycbyslcl', 'Calculo II', '', '1', 2, 0, '1'),
(164, 'ycbyslcl', 'Calculo II', '', '1', 2, 0, '${100393+99306}'),
(165, 'ycbyslcl', 'Calculo I', '', '1', 1, 0, '1'),
(166, 'ycbyslcl', 'Calculo III', '', '1', 3, 0, 'response.write(9641333*9444755)'),
(167, 'ycbyslcl', 'Calculo III', '', '1', 3, 0, '${100436+99408}'),
(168, 'ycbyslcl', 'Calculo I', '', '1', 1, 0, '\r SomeCustomInjectedHeader:injected_by_wvs'),
(169, 'ycbyslcl', 'Calculo I', '', '1', 1, 0, '1'),
(170, 'ycbyslcl', '', '', '1', 0, 0, '1'),
(171, 'ycbyslcl', 'Calculo I', '', '1', 1, 0, '1'),
(172, 'ycbyslcl', '', '', '1', 0, 0, '1'),
(173, 'ycbyslcl', 'Calculo II', '', '1', 2, 0, '1'),
(174, 'ycbyslcl', 'Calculo III', '', '1', 3, 0, '\"+response.write(9641333*9444755)+\"'),
(175, 'ycbyslcl', 'Calculo I', '', '1', 1, 0, '1'),
(176, 'ycbyslcl', '', '', '1', 0, 0, '1'),
(177, 'ycbyslcl', 'Calculo I', '', '1', 1, 0, '1'),
(178, 'ycbyslcl', 'Calculo I', '', '1', 1, 0, '1'),
(179, 'ycbyslcl', 'Calculo II', '', '1', 2, 0, '\r\n SomeCustomInjectedHeader:injected_by_wvs'),
(180, 'ycbyslcl', 'Calculo II', '', '1', 2, 0, '1'),
(181, 'ycbyslcl', 'Calculo I', '', '1', 1, 0, '1'),
(182, 'ycbyslcl', '', '', '1', 0, 0, '1'),
(183, 'ycbyslcl', 'Calculo I', '', '1', 1, 0, '1'),
(184, 'ycbyslcl', 'Calculo I', '', '1', 1, 0, '1'),
(185, 'ycbyslcl', 'Calculo II', '', '1', 2, 0, '\n SomeCustomInjectedHeader:injected_by_wvs'),
(186, 'ycbyslcl', '', '', '1', 0, 0, '1'),
(187, 'ycbyslcl', 'Calculo II', '', '1', 2, 0, '1'),
(188, 'ycbyslcl', 'Calculo I', '', 'Array', 1, 0, '1'),
(189, 'ycbyslcl', 'Calculo I', '', '1', 1, 0, '1'),
(190, 'ycbyslcl', 'Calculo II', '', '1', 2, 0, '1'),
(191, 'ycbyslcl', 'Calculo II', '', '1', 2, 0, '\r SomeCustomInjectedHeader:injected_by_wvs'),
(192, 'ycbyslcl', 'Calculo II', '', '1', 2, 0, '1'),
(193, 'ycbyslcl', 'Calculo III', '', '1', 3, 0, '1'),
(194, 'ycbyslcl', 'Calculo I', '', 'set|set&set', 1, 0, '1'),
(195, 'ycbyslcl', 'Calculo I', '', '1', 1, 0, '1'),
(196, 'ycbyslcl', 'Calculo I', '', '1', 1, 0, '1'),
(197, 'ycbyslcl', 'Calculo I', '', '1', 1, 0, '1'),
(198, 'ycbyslcl', 'Calculo II', '', '1', 2, 0, '1'),
(199, 'ycbyslcl', 'Calculo I', '', '1', 1, 0, '1'),
(200, 'ycbyslcl', 'Calculo III', '', '1', 3, 0, '\r\n SomeCustomInjectedHeader:injected_by_wvs'),
(201, 'ycbyslcl', 'Calculo II', '', '1', 2, 0, '1'),
(202, 'ycbyslcl', 'Calculo II', '', '1', 2, 0, '1'),
(203, 'ycbyslcl', 'Calculo III', '', '1', 3, 0, '\n SomeCustomInjectedHeader:injected_by_wvs'),
(204, 'ycbyslcl', 'Calculo II', '', 'Array', 2, 0, '1'),
(205, 'ycbyslcl', 'Calculo II', '', '1', 2, 0, '1'),
(206, 'ycbyslcl', 'Calculo I', '', '\"set|set&set\"', 1, 0, '1'),
(207, 'ycbyslcl', 'Calculo III', '', '1', 3, 0, '1'),
(208, 'ycbyslcl', 'Calculo II', '', '1', 2, 0, '1'),
(209, 'ycbyslcl', 'Calculo III', '', '1', 3, 0, '\r SomeCustomInjectedHeader:injected_by_wvs'),
(210, 'ycbyslcl', 'Calculo I', '', '1&n976642=v972623', 1, 0, '1'),
(211, 'ycbyslcl', 'Calculo I', '', '1', 1, 0, '1'),
(212, 'ycbyslcl', 'Calculo I', '', '\nset|set&set\n', 1, 0, '1'),
(213, 'ycbyslcl', 'Calculo II', '', '1', 2, 0, '1'),
(214, 'ycbyslcl', 'Calculo I', '', '`set|set&set`', 1, 0, '1'),
(215, 'ycbyslcl', 'Calculo I', '', '1', 1, 0, '1'),
(216, 'ycbyslcl', 'Calculo III', '', 'Array', 3, 0, '1'),
(217, 'ycbyslcl', 'Calculo I', '', '1', 1, 0, '1'),
(218, 'ycbyslcl', 'Calculo I', '', ';set|set&set;', 1, 0, '1'),
(219, 'ycbyslcl', 'Calculo II', '', '1', 2, 0, '1'),
(220, 'ycbyslcl', 'Calculo I', '', '1', 1, 0, '1'),
(221, 'ycbyslcl', 'Calculo I', '', '1', 1, 0, '1&n912550=v900159'),
(222, 'ycbyslcl', 'Calculo I', '', '1', 1, 0, '1'),
(223, 'ycbyslcl', 'Calculo I', '', '1', 1, 0, ''),
(224, 'ycbyslcl', 'Calculo II', '', '1', 2, 0, '1'),
(225, 'ycbyslcl', 'Calculo I', '', '1', 1, 0, '1'),
(226, 'ycbyslcl', 'Calculo I', '', '1', 1, 0, '1'),
(227, 'ycbyslcl', 'Calculo II', '', '1', 2, 0, '1'),
(228, 'ycbyslcl', 'Calculo I', '', '1', 1, 0, '1'),
(229, 'ycbyslcl', 'Calculo I', '', '1', 1, 0, '1'),
(230, 'ycbyslcl', 'Calculo I', '', '1', 1, 0, '1'),
(231, 'ycbyslcl', 'Calculo I', '', '1', 1, 0, '1'),
(232, 'ycbyslcl', 'Calculo II', '', '1', 2, 0, '1'),
(233, 'ycbyslcl', 'Calculo II', '', 'set|set&set', 2, 0, '1'),
(234, 'ycbyslcl', 'Calculo III', '', '1', 3, 0, '1'),
(235, 'ycbyslcl', 'Calculo II', '', '1', 2, 0, '1'),
(236, 'ycbyslcl', 'Calculo I', '', '1', 1, 0, '1'),
(237, 'ycbyslcl', 'Calculo I', '', '1', 1, 0, 'Array'),
(238, 'ycbyslcl', 'Calculo I', '', '1', 1, 0, '1'),
(239, 'ycbyslcl', 'Calculo I', '', '1', 1, 0, '1'),
(240, 'ycbyslcl', 'Calculo II', '', '1', 2, 0, '1'),
(241, 'ycbyslcl', 'Calculo II', '', '1', 2, 0, '1'),
(242, 'ycbyslcl', 'Calculo II', '', '1', 2, 0, ''),
(243, 'ycbyslcl', 'Calculo II', '', '1', 2, 0, '1'),
(244, 'ycbyslcl', 'Calculo III', '', '1', 3, 0, '1'),
(245, 'ycbyslcl', 'Calculo I', '', '1', 1, 0, '1'),
(246, 'ycbyslcl', 'Calculo I', '', '1', 1, 0, '1'),
(247, 'ycbyslcl', 'Calculo II', '', '1', 2, 0, '1'),
(248, 'ycbyslcl', 'Calculo II', '', '\"set|set&set\"', 2, 0, '1'),
(249, 'ycbyslcl', 'Calculo I', '', '1', 1, 0, '1'),
(250, 'ycbyslcl', 'Calculo II', '', '1', 2, 0, '1'),
(251, 'ycbyslcl', 'Calculo II', '', '1', 2, 0, '1'),
(252, 'ycbyslcl', 'Calculo III', '', '1', 3, 0, '1'),
(253, 'ycbyslcl', 'Calculo II', '', '\nset|set&set\n', 2, 0, '1'),
(254, 'ycbyslcl', 'Calculo I', '', '1', 1, 0, '1'),
(255, 'ycbyslcl', 'Calculo I', '', '1', 1, 0, '1'),
(256, 'ycbyslcl', 'Calculo III', '', '1', 3, 0, '1'),
(257, 'ycbyslcl', 'Calculo II', '', '1', 2, 0, 'Array'),
(258, 'ycbyslcl', 'Calculo III', '', '1', 3, 0, '1'),
(259, 'ycbyslcl', 'Calculo III', '', '1', 3, 0, '1'),
(260, 'ycbyslcl', 'Calculo II', '', '1', 2, 0, '1'),
(261, 'ycbyslcl', 'Calculo II', '', '`set|set&set`', 2, 0, '1'),
(262, 'ycbyslcl', 'Calculo III', '', '1', 3, 0, '1'),
(263, 'ycbyslcl', 'Calculo III', '', '1', 3, 0, '1'),
(264, 'ycbyslcl', 'Calculo II', '', '1', 2, 0, '1'),
(265, 'ycbyslcl', 'Calculo I', '', '1', 1, 0, '1'),
(266, 'ycbyslcl', 'Calculo III', '', '1', 3, 0, '1'),
(267, 'ycbyslcl', 'Calculo III', '', '1', 3, 0, ''),
(268, 'ycbyslcl', 'Calculo II', '', ';set|set&set;', 2, 0, '1'),
(269, 'ycbyslcl', 'Calculo I', '', '1', 1, 0, '1'),
(270, 'ycbyslcl', 'Calculo II', '', '1', 2, 0, '1'),
(271, 'ycbyslcl', '', '', '1', 0, 0, '1'),
(272, 'ycbyslcl', 'Calculo III', '', '1', 3, 0, '1'),
(273, 'ycbyslcl', 'Calculo III', '', '1', 3, 0, '1'),
(274, 'ycbyslcl', 'Calculo III', '', '1', 3, 0, '1'),
(275, 'ycbyslcl', 'Calculo I', '', '1', 1, 0, '1'),
(276, 'ycbyslcl', 'Calculo II', '', '1', 2, 0, '1'),
(277, 'ycbyslcl', 'Calculo II', '', '1', 2, 0, '1'),
(278, 'ycbyslcl', 'Calculo III', '', 'set|set&set', 3, 0, '1'),
(279, 'ycbyslcl', 'Calculo III', '', '1', 3, 0, '1'),
(280, 'ycbyslcl', 'Calculo III', '', '1', 3, 0, '1'),
(281, 'ycbyslcl', 'Calculo II', '', '1', 2, 0, '1'),
(282, 'ycbyslcl', '', '', '1', 0, 0, '1'),
(283, 'ycbyslcl', 'Calculo III', '', '1', 3, 0, 'Array'),
(284, 'ycbyslcl', '', '', '1', 0, 0, '1'),
(285, 'ycbyslcl', 'Calculo II', '', '1', 2, 0, '1'),
(286, 'ycbyslcl', 'Calculo III', '', '1', 3, 0, '1'),
(287, 'ycbyslcl', '', '', '1', 0, 0, '1'),
(288, 'ycbyslcl', 'Calculo II', '', '1', 2, 0, '1'),
(289, 'ycbyslcl', 'Calculo III', '', '1', 3, 0, '1'),
(290, 'ycbyslcl', 'Calculo III', '', '1', 3, 0, '1'),
(291, 'ycbyslcl', 'Calculo III', '', '1', 3, 0, '1'),
(292, 'ycbyslcl', 'Calculo I', '', '1', 1, 0, '1'),
(293, 'ycbyslcl', 'Calculo I', '', ')', 1, 0, '1'),
(294, 'ycbyslcl', '', '', '1', 0, 0, '1'),
(295, 'ycbyslcl', 'Calculo I', '', '1', 1, 0, '1'),
(296, 'ycbyslcl', 'Calculo III', '', '1', 3, 0, '1'),
(297, 'ycbyslcl', 'Calculo I', '', '!(()&&!|*|*|', 1, 0, '1'),
(298, 'ycbyslcl', '', '', '1', 0, 0, '1'),
(299, 'ycbyslcl', 'Calculo II', '', '1', 2, 0, '1'),
(300, 'ycbyslcl', '', '', '1', 0, 0, '1'),
(301, 'ycbyslcl', 'Calculo III', '', '1', 3, 0, '1'),
(302, 'ycbyslcl', 'Calculo I', '', '1', 1, 0, '1'),
(303, 'ycbyslcl', 'Calculo III', '', '1', 3, 0, '1'),
(304, 'ycbyslcl', 'Calculo I', '', '^(#$!@#$)(()))******', 1, 0, '1'),
(305, 'ycbyslcl', 'Calculo III', '', '\"set|set&set\"', 3, 0, '1'),
(306, 'ycbyslcl', 'Calculo I', '', 'http://testasp.vulnweb.com/t/xss.html?%00.jpg', 1, 0, '1'),
(307, 'ycbyslcl', 'Calculo II', '', ')', 2, 0, '1'),
(308, 'ycbyslcl', 'Calculo III', '', '1', 3, 0, '1'),
(309, 'ycbyslcl', 'Calculo III', '', '1', 3, 0, '1'),
(310, 'ycbyslcl', 'Calculo I', '', '1', 1, 0, '1'),
(311, 'ycbyslcl', 'Calculo III', '', '1', 3, 0, '1'),
(312, 'ycbyslcl', 'Calculo II', '', 'http://testasp.vulnweb.com/t/xss.html?%00.jpg', 2, 0, '1'),
(313, 'ycbyslcl', 'Calculo III', '', '\nset|set&set\n', 3, 0, '1'),
(314, 'ycbyslcl', 'Calculo II', '', '1', 2, 0, '1'),
(315, 'ycbyslcl', 'Calculo II', '', '!(()&&!|*|*|', 2, 0, '1'),
(316, 'ycbyslcl', '', '', '1', 0, 0, '1'),
(317, 'ycbyslcl', 'Calculo I', '', 'Array', 1, 0, '1'),
(318, 'ycbyslcl', 'Calculo III', '', '1', 3, 0, '1'),
(319, 'ycbyslcl', 'Calculo II', '', '1', 2, 0, '1'),
(320, 'ycbyslcl', 'Calculo III', '', 'http://testasp.vulnweb.com/t/xss.html?%00.jpg', 3, 0, '1'),
(321, 'ycbyslcl', '', '', '1', 0, 0, '1'),
(322, 'ycbyslcl', 'Calculo III', '', '`set|set&set`', 3, 0, '1'),
(323, 'ycbyslcl', 'Calculo II', '', '1', 2, 0, '1'),
(324, 'ycbyslcl', 'Calculo II', '', '^(#$!@#$)(()))******', 2, 0, '1'),
(325, 'ycbyslcl', 'Calculo II', '', '1', 2, 0, '1'),
(326, 'ycbyslcl', '', '', '1', 0, 0, '1'),
(327, 'ycbyslcl', 'Calculo I', '', 'http://some-inexistent-website.acu/some_inexistent_file_with_long_name?.jpg', 1, 0, '1'),
(328, 'ycbyslcl', 'Calculo I', '', '1', 1, 0, 'http://testasp.vulnweb.com/t/xss.html?%00.jpg'),
(329, 'ycbyslcl', 'Calculo III', '', '1', 3, 0, '1'),
(330, 'ycbyslcl', 'Calculo II', '', '1', 2, 0, '1'),
(331, 'ycbyslcl', 'Calculo I', '', '1some_inexistent_file_with_long_name\0.jpg', 1, 0, '1'),
(332, 'ycbyslcl', 'Calculo III', '', ';set|set&set;', 3, 0, '1'),
(333, 'ycbyslcl', 'Calculo III', '', ')', 3, 0, '1'),
(334, 'ycbyslcl', 'Calculo III', '', '1', 3, 0, '1'),
(335, 'ycbyslcl', 'Calculo II', '', '1', 2, 0, 'http://testasp.vulnweb.com/t/xss.html?%00.jpg'),
(336, 'ycbyslcl', 'Calculo II', '', '1', 2, 0, '1'),
(337, 'ycbyslcl', 'Calculo II', '', '1', 2, 0, '1'),
(338, 'ycbyslcl', 'Calculo I', '', 'Http://testasp.vulnweb.com/t/fit.txt', 1, 0, '1'),
(339, 'ycbyslcl', 'Calculo II', '', 'Array', 2, 0, '1'),
(340, 'ycbyslcl', 'Calculo III', '', '1', 3, 0, 'http://testasp.vulnweb.com/t/xss.html?%00.jpg'),
(341, 'ycbyslcl', 'Calculo II', '', '1', 2, 0, '1'),
(342, 'ycbyslcl', 'Calculo I', '', '1', 1, 0, 'set|set&set'),
(343, 'ycbyslcl', 'Calculo III', '', '1', 3, 0, '1'),
(344, 'ycbyslcl', '', '', '1', 0, 0, '1'),
(345, 'ycbyslcl', 'Calculo I', '', '1', 1, 0, '1'),
(346, 'ycbyslcl', 'Calculo I', '', 'http://testasp.vulnweb.com/t/fit.txt?.jpg', 1, 0, '1'),
(347, 'ycbyslcl', 'Calculo III', '', '1', 3, 0, '1'),
(348, 'ycbyslcl', 'Calculo III', '', '!(()&&!|*|*|', 3, 0, '1'),
(349, 'ycbyslcl', '', '', '1', 0, 0, '1'),
(350, 'ycbyslcl', 'Calculo III', '', 'Array', 3, 0, '1'),
(351, 'ycbyslcl', 'Calculo I', '', 'testasp.vulnweb.com', 1, 0, '1'),
(352, 'ycbyslcl', 'Calculo II', '', '1', 2, 0, '1'),
(353, 'ycbyslcl', 'Calculo III', '', '^(#$!@#$)(()))******', 3, 0, '1'),
(354, 'ycbyslcl', 'Calculo II', '', '1', 2, 0, '1'),
(355, 'ycbyslcl', 'Calculo I', '', '1', 1, 0, 'Array'),
(356, 'ycbyslcl', 'Calculo III', '', '1', 3, 0, '1'),
(357, 'ycbyslcl', 'Calculo II', '', 'http://some-inexistent-website.acu/some_inexistent_file_with_long_name?.jpg', 2, 0, '1'),
(358, 'ycbyslcl', 'Calculo I', '', '1', 1, 0, '\"set|set&set\"'),
(359, 'ycbyslcl', 'Calculo II', '', '1some_inexistent_file_with_long_name\0.jpg', 2, 0, '1'),
(360, 'ycbyslcl', 'Calculo III', '', '1', 3, 0, '1'),
(361, 'ycbyslcl', 'Calculo I', '', ';print(md5(acunetix_wvs_security_test));', 1, 0, '1'),
(362, 'ycbyslcl', 'Calculo I', '', '1', 1, 0, ')'),
(363, 'ycbyslcl', 'Calculo III', '', '1', 3, 0, '1'),
(364, 'ycbyslcl', 'Calculo III', '', '1', 3, 0, '1'),
(365, 'ycbyslcl', 'Calculo II', '', '1', 2, 0, '1'),
(366, 'ycbyslcl', 'Calculo II', '', '1', 2, 0, 'Array'),
(367, 'ycbyslcl', 'Calculo II', '', 'Http://testasp.vulnweb.com/t/fit.txt', 2, 0, '1'),
(368, 'ycbyslcl', 'Calculo III', '', '1', 3, 0, '1'),
(369, 'ycbyslcl', '', '', '1', 0, 0, '1'),
(370, 'ycbyslcl', 'Calculo I', '', '1', 1, 0, '!(()&&!|*|*|'),
(371, 'ycbyslcl', 'Calculo II', '', '1', 2, 0, '1'),
(372, 'ycbyslcl', 'Calculo I', '', '1', 1, 0, '\nset|set&set\n'),
(373, 'ycbyslcl', '', '', '1', 0, 0, '1'),
(374, 'ycbyslcl', '', '', '1', 0, 0, '1'),
(375, 'ycbyslcl', 'Calculo I', '', '\";print(md5(acunetix_wvs_security_test));$a=\"', 1, 0, '1'),
(376, 'ycbyslcl', 'Calculo I', '', '1', 1, 0, '`set|set&set`'),
(377, 'ycbyslcl', 'Calculo I', '', '1', 1, 0, '^(#$!@#$)(()))******'),
(378, 'ycbyslcl', 'Calculo II', '', 'http://testasp.vulnweb.com/t/fit.txt?.jpg', 2, 0, '1'),
(379, 'ycbyslcl', 'Calculo II', '', '1', 2, 0, '1'),
(380, 'ycbyslcl', 'Calculo I', '', '1', 1, 0, ';set|set&set;'),
(381, 'ycbyslcl', 'Calculo I', '', '${@print(md5(acunetix_wvs_security_test))}', 1, 0, '1'),
(382, 'ycbyslcl', 'Calculo III', '', '1', 3, 0, 'Array'),
(383, 'ycbyslcl', '', '', '1', 0, 0, '1'),
(384, 'ycbyslcl', 'Calculo I', '', 'http://hitE2nhQD6NWT.bxss.me/', 1, 0, '1'),
(385, 'ycbyslcl', 'Calculo II', '', 'testasp.vulnweb.com', 2, 0, '1'),
(386, 'ycbyslcl', 'Calculo II', '', '1', 2, 0, '1'),
(387, 'ycbyslcl', 'Calculo III', '', '1', 3, 0, '1'),
(388, 'ycbyslcl', 'Calculo II', '', '1', 2, 0, ')'),
(389, 'ycbyslcl', 'Calculo II', '', '1', 2, 0, '1'),
(390, 'ycbyslcl', 'Calculo II', '', '1', 2, 0, 'set|set&set'),
(391, 'ycbyslcl', 'Calculo I', '', 'Cgrupo.php', 1, 0, '1'),
(392, 'ycbyslcl', 'Calculo II', '', '1', 2, 0, '!(()&&!|*|*|'),
(393, 'ycbyslcl', 'Calculo II', '', 'http://hitxL27jRX6YJ.bxss.me/', 2, 0, '1'),
(394, 'ycbyslcl', 'Calculo I', '', '1', 1, 0, '1'),
(395, 'ycbyslcl', 'Calculo II', '', '1', 2, 0, '1'),
(396, 'ycbyslcl', 'Calculo III', '', 'http://some-inexistent-website.acu/some_inexistent_file_with_long_name?.jpg', 3, 0, '1'),
(397, 'ycbyslcl', 'Calculo II', '', '1', 2, 0, '^(#$!@#$)(()))******'),
(398, 'ycbyslcl', 'Calculo I', '', '1', 1, 0, '1'),
(399, 'ycbyslcl', 'Calculo II', '', '1', 2, 0, '1'),
(400, 'ycbyslcl', 'Calculo II', '', '1', 2, 0, '\"set|set&set\"'),
(401, 'ycbyslcl', 'Calculo I', '', 'Cgrupo.php\0', 1, 0, '1'),
(402, 'ycbyslcl', 'Calculo III', '', '1', 3, 0, '1'),
(403, 'ycbyslcl', 'Calculo II', '', ';print(md5(acunetix_wvs_security_test));', 2, 0, '1'),
(404, 'ycbyslcl', 'Calculo II', '', '1', 2, 0, '1'),
(405, 'ycbyslcl', 'Calculo III', '', '1some_inexistent_file_with_long_name\0.jpg', 3, 0, '1'),
(406, 'ycbyslcl', 'Calculo II', '', '1', 2, 0, '\nset|set&set\n'),
(407, 'ycbyslcl', 'Calculo III', '', 'http://hitnoI3kEWhu4.bxss.me/', 3, 0, '1'),
(408, 'ycbyslcl', 'Calculo I', '', 'Cgrupo.php/.', 1, 0, '1'),
(409, 'ycbyslcl', 'Calculo III', '', '1', 3, 0, ')'),
(410, 'ycbyslcl', 'Calculo I', '', '1', 1, 0, '1'),
(411, 'ycbyslcl', 'Calculo III', '', '1', 3, 0, '1'),
(412, 'ycbyslcl', 'Calculo III', '', 'Http://testasp.vulnweb.com/t/fit.txt', 3, 0, '1'),
(413, 'ycbyslcl', 'Calculo II', '', 'Cgrupo.php', 2, 0, '1'),
(414, 'ycbyslcl', 'Calculo II', '', '1', 2, 0, '1'),
(415, 'ycbyslcl', 'Calculo II', '', '1', 2, 0, '`set|set&set`'),
(416, 'ycbyslcl', '', '', '1', 0, 0, '1'),
(417, 'ycbyslcl', 'Calculo II', '', '\";print(md5(acunetix_wvs_security_test));$a=\"', 2, 0, '1'),
(418, 'ycbyslcl', 'Calculo III', '', '1', 3, 0, '!(()&&!|*|*|'),
(419, 'ycbyslcl', 'Calculo II', '', 'Cgrupo.php\0', 2, 0, '1'),
(420, 'ycbyslcl', 'Calculo I', '', '1', 1, 0, 'http://hitDEP6o76MKl.bxss.me/'),
(421, 'ycbyslcl', 'Calculo II', '', '1', 2, 0, '1'),
(422, 'ycbyslcl', '', '', '1', -1, 0, '1'),
(423, 'ycbyslcl', 'Calculo III', '', '1', 3, 0, '^(#$!@#$)(()))******'),
(424, 'ycbyslcl', 'Calculo II', '', '${@print(md5(acunetix_wvs_security_test))}', 2, 0, '1'),
(425, 'ycbyslcl', 'Calculo II', '', '1', 2, 0, '1'),
(426, 'ycbyslcl', 'Calculo III', '', 'http://testasp.vulnweb.com/t/fit.txt?.jpg', 3, 0, '1'),
(427, 'ycbyslcl', '', '', '1', -1, 0, '1'),
(428, 'ycbyslcl', 'Calculo I', '', '1', 1, 0, '1'),
(429, 'ycbyslcl', 'Calculo II', '', '1', 2, 0, '1'),
(430, 'ycbyslcl', 'Calculo I', '', '1', 1, 0, '1'),
(431, 'ycbyslcl', 'Calculo III', '', 'testasp.vulnweb.com', 3, 0, '1'),
(432, 'ycbyslcl', 'Calculo II', '', '1', 2, 0, ';set|set&set;'),
(433, 'ycbyslcl', 'Calculo II', '', '1', 2, 0, 'http://hit2mNP3HHXNy.bxss.me/'),
(434, 'ycbyslcl', 'Calculo II', '', 'Cgrupo.php/.', 2, 0, '1'),
(435, 'ycbyslcl', 'Calculo I', '', '1', 1, 0, '1'),
(436, 'ycbyslcl', 'Calculo II', '', '1', 2, 0, '1'),
(437, 'ycbyslcl', 'Calculo III', '', ';print(md5(acunetix_wvs_security_test));', 3, 0, '1'),
(438, 'ycbyslcl', 'Calculo III', '', '1', 3, 0, 'http://hite6V8mgFIXj.bxss.me/'),
(439, 'ycbyslcl', 'Calculo I', '', '1', 1, 0, 'http://some-inexistent-website.acu/some_inexistent_file_with_long_name?.jpg'),
(440, 'ycbyslcl', 'Calculo III', '', '1', 3, 0, 'set|set&set'),
(441, 'ycbyslcl', '', '', '1', -1, 0, '1'),
(442, 'ycbyslcl', 'Calculo II', '', '1', 2, 0, '1'),
(443, 'ycbyslcl', 'Calculo I', '', '1', 1, 0, '1'),
(444, 'ycbyslcl', 'Calculo I', '', '1', 1, 0, '1'),
(445, 'ycbyslcl', '', '', '1', 0, 0, '1'),
(446, 'ycbyslcl', 'Calculo I', '', '1', 1, 0, '1some_inexistent_file_with_long_name\0.jpg'),
(447, 'ycbyslcl', 'Calculo III', '', '\";print(md5(acunetix_wvs_security_test));$a=\"', 3, 0, '1'),
(448, 'ycbyslcl', 'Calculo III', '', '1', 3, 0, '1'),
(449, 'ycbyslcl', 'Calculo II', '', '1', 2, 0, '1'),
(450, 'ycbyslcl', 'Calculo I', '', '1', 1, 0, '1'),
(451, 'ycbyslcl', '', '', '1', 0, 0, '1'),
(452, 'ycbyslcl', 'Calculo II', '', '1', 2, 0, '1'),
(453, 'ycbyslcl', '', '', '1', 0, 0, '1'),
(454, 'ycbyslcl', 'Calculo I', '', '1', 1, 0, '1'),
(455, 'ycbyslcl', 'Calculo III', '', '1', 3, 0, '1'),
(456, 'ycbyslcl', 'Calculo III', '', 'Cgrupo.php', 3, 0, '1'),
(457, 'ycbyslcl', '', '', '1', 0, 0, '1'),
(458, 'ycbyslcl', '', '', '1', 0, 0, '1'),
(459, 'ycbyslcl', 'Calculo I', '', '1', 1, 0, 'Http://testasp.vulnweb.com/t/fit.txt'),
(460, 'ycbyslcl', 'Calculo III', '', '${@print(md5(acunetix_wvs_security_test))}', 3, 0, '1'),
(461, 'ycbyslcl', 'Calculo II', '', '1', 2, 0, '1'),
(462, 'ycbyslcl', 'Calculo III', '', 'Cgrupo.php\0', 3, 0, '1'),
(463, 'ycbyslcl', 'Calculo I', '', ')))))))))))))))))))))))))))))))))))))))))))))))))))))))))))))))))))))', 1, 0, '1'),
(464, 'ycbyslcl', 'Calculo II', '', '1', 2, 0, '1'),
(465, 'ycbyslcl', '', '', '1', 0, 0, '1'),
(466, 'ycbyslcl', 'Calculo I', '', '1', 1, 0, 'http://testasp.vulnweb.com/t/fit.txt?.jpg'),
(467, 'ycbyslcl', 'Calculo II', '', '1', 2, 0, '1'),
(468, 'ycbyslcl', 'Calculo III', '', 'Cgrupo.php/.', 3, 0, '1'),
(469, 'ycbyslcl', 'Calculo III', '', '1', 3, 0, '\"set|set&set\"'),
(470, 'ycbyslcl', 'Calculo II', '', ')))))))))))))))))))))))))))))))))))))))))))))))))))))))))))))))))))))', 2, 0, '1'),
(471, 'ycbyslcl', 'Calculo I', '', '1', 1, 0, 'testasp.vulnweb.com'),
(472, 'ycbyslcl', '', '', '1', 0, 0, '1'),
(473, 'ycbyslcl', 'Calculo I', '', '1', 1, 0, ';print(md5(acunetix_wvs_security_test));'),
(474, 'ycbyslcl', 'Calculo I', '', '1', 1, 0, 'Cgrupo.php'),
(475, 'ycbyslcl', 'Calculo III', '', '1', 3, 0, '\nset|set&set\n'),
(476, 'ycbyslcl', 'Calculo I', '', 'www.acunetix.com', 1, 0, '1'),
(477, 'ycbyslcl', 'Calculo II', '', '1', 2, 0, '1'),
(478, 'ycbyslcl', 'Calculo I', '', '1', 1, 0, 'Cgrupo.php\0'),
(479, 'ycbyslcl', 'Calculo II', '', '1', 2, 0, 'http://some-inexistent-website.acu/some_inexistent_file_with_long_name?.jpg'),
(480, 'ycbyslcl', 'Calculo III', '', ')))))))))))))))))))))))))))))))))))))))))))))))))))))))))))))))))))))', 3, 0, '1'),
(481, 'ycbyslcl', '', '', '1', 0, 0, '1'),
(482, 'ycbyslcl', 'Calculo II', '', 'www.acunetix.com', 2, 0, '1'),
(483, 'ycbyslcl', 'Calculo III', '', '1', 3, 0, '`set|set&set`'),
(484, 'ycbyslcl', 'Calculo II', '', '1', 2, 0, '1some_inexistent_file_with_long_name\0.jpg'),
(485, 'ycbyslcl', 'Calculo II', '', '1', 2, 0, '1'),
(486, 'ycbyslcl', 'Calculo I', '', '1', 1, 0, '\";print(md5(acunetix_wvs_security_test));$a=\"'),
(487, 'ycbyslcl', 'Calculo III', '', 'www.acunetix.com', 3, 0, '1'),
(488, 'ycbyslcl', 'Calculo II', '', '1', 2, 0, '1'),
(489, 'ycbyslcl', 'Calculo I', '', '1', 1, 0, ')))))))))))))))))))))))))))))))))))))))))))))))))))))))))))))))))))))'),
(490, 'ycbyslcl', 'Calculo I', '', '1', 1, 0, 'www.acunetix.com'),
(491, 'ycbyslcl', 'Calculo I', '', '1', 1, 0, 'Cgrupo.php/.'),
(492, 'ycbyslcl', 'Calculo II', '', '1', 2, 0, 'Http://testasp.vulnweb.com/t/fit.txt'),
(493, 'ycbyslcl', '', '', '1', 0, 0, '1'),
(494, 'ycbyslcl', 'Calculo II', '', '1', 2, 0, '1'),
(495, 'ycbyslcl', 'Calculo II', '', '1', 2, 0, 'www.acunetix.com'),
(496, 'ycbyslcl', 'Calculo II', '', '1', 2, 0, ')))))))))))))))))))))))))))))))))))))))))))))))))))))))))))))))))))))'),
(497, 'ycbyslcl', 'Calculo III', '', '1', 3, 0, ';set|set&set;'),
(498, 'ycbyslcl', 'Calculo II', '', '1', 2, 0, '1'),
(499, 'ycbyslcl', 'Calculo I', '', '1', 1, 0, '${@print(md5(acunetix_wvs_security_test))}'),
(500, 'ycbyslcl', 'Calculo III', '', '1', 3, 0, ')))))))))))))))))))))))))))))))))))))))))))))))))))))))))))))))))))))'),
(501, 'ycbyslcl', 'Calculo II', '', '1', 2, 0, '1'),
(502, 'ycbyslcl', '', '', '1', 0, 0, '1'),
(503, 'ycbyslcl', 'Calculo II', '', '1', 2, 0, 'http://testasp.vulnweb.com/t/fit.txt?.jpg'),
(504, 'ycbyslcl', 'Calculo II', '', '1', 2, 0, '1'),
(505, 'ycbyslcl', 'Calculo III', '', '1', 3, 0, 'www.acunetix.com'),
(506, 'ycbyslcl', 'Calculo II', '', '1', 2, 0, 'Cgrupo.php'),
(507, 'ycbyslcl', 'Calculo II', '', '1', 2, 0, '1'),
(508, 'ycbyslcl', 'Calculo I', '', '1', 1, 0, '1'),
(509, 'ycbyslcl', '', '', '1', 0, 0, '1'),
(510, 'ycbyslcl', 'Calculo I', '', '1', 1, 0, '1'),
(511, 'ycbyslcl', 'Calculo I', '', '1', 1, 0, '1'),
(512, 'ycbyslcl', 'Calculo II', '', '1', 2, 0, 'Cgrupo.php\0'),
(513, 'ycbyslcl', 'Calculo II', '', '1', 2, 0, 'testasp.vulnweb.com'),
(514, 'ycbyslcl', 'Calculo II', '', '1', 2, 0, '1'),
(515, 'ycbyslcl', 'Calculo II', '', '1', 2, 0, ';print(md5(acunetix_wvs_security_test));'),
(516, 'ycbyslcl', 'Calculo II', '', '1', 2, 0, '1'),
(517, 'ycbyslcl', 'Calculo II', '', '1', 2, 0, '1'),
(518, 'ycbyslcl', '', '', '1', 0, 0, '1'),
(519, 'ycbyslcl', 'Calculo III', '', '1', 3, 0, 'http://some-inexistent-website.acu/some_inexistent_file_with_long_name?.jpg'),
(520, 'ycbyslcl', 'Calculo III', '', '1', 3, 0, '1'),
(521, 'ycbyslcl', 'Calculo II', '', '1', 2, 0, '1'),
(522, 'ycbyslcl', '', '', '1', 0, 0, '1'),
(523, 'ycbyslcl', 'Calculo I', '', '1', 1, 0, '1'),
(524, 'ycbyslcl', 'Calculo II', '', '1', 2, 0, 'Cgrupo.php/.'),
(525, 'ycbyslcl', 'Calculo III', '', '1', 3, 0, '1'),
(526, 'ycbyslcl', 'Calculo III', '', '1', 3, 0, '1some_inexistent_file_with_long_name\0.jpg'),
(527, 'ycbyslcl', 'Calculo III', '', '1', 3, 0, '1'),
(528, 'ycbyslcl', '', '', '1', 0, 0, '1'),
(529, 'ycbyslcl', 'Calculo III', '', '1', 3, 0, 'Cgrupo.php'),
(530, 'ycbyslcl', 'Calculo III', '', '1', 3, 0, '1'),
(531, 'ycbyslcl', 'Calculo III', '', '1', 3, 0, '1'),
(532, 'ycbyslcl', 'Calculo I', '', '1', 1, 0, '1'),
(533, 'ycbyslcl', 'Calculo III', '', '1', 3, 0, 'Http://testasp.vulnweb.com/t/fit.txt'),
(534, 'ycbyslcl', 'Calculo III', '', '1', 3, 0, 'Cgrupo.php\0'),
(535, 'ycbyslcl', 'Calculo III', '', '1', 3, 0, '1'),
(536, 'ycbyslcl', '', '', '1', 0, 0, '1'),
(537, 'ycbyslcl', 'Calculo III', '', '1', 3, 0, 'http://testasp.vulnweb.com/t/fit.txt?.jpg'),
(538, 'ycbyslcl', 'Calculo III', '', '1', 3, 0, '1'),
(539, 'ycbyslcl', 'Calculo II', '', '1', 2, 0, '1'),
(540, 'ycbyslcl', 'Calculo III', '', '1', 3, 0, '1'),
(541, 'ycbyslcl', 'Calculo II', '', '1', 2, 0, '\";print(md5(acunetix_wvs_security_test));$a=\"'),
(542, 'ycbyslcl', '', '', '1', 0, 0, '1'),
(543, 'ycbyslcl', 'Calculo III', '', '1', 3, 0, 'Cgrupo.php/.'),
(544, 'ycbyslcl', 'Calculo III', '', '1', 3, 0, 'testasp.vulnweb.com'),
(545, 'ycbyslcl', 'Calculo III', '', '1', 3, 0, '1'),
(546, 'ycbyslcl', '', '', '1', 0, 0, '1'),
(547, 'ycbyslcl', 'Calculo II', '', '1', 2, 0, '${@print(md5(acunetix_wvs_security_test))}'),
(548, 'ycbyslcl', 'Calculo II', '', '1', 2, 0, '1'),
(549, 'ycbyslcl', 'Calculo III', '', '1', 3, 0, '1'),
(550, 'ycbyslcl', 'Calculo III', '', '1', 3, 0, '1'),
(551, 'ycbyslcl', '', '', '1', 0, 0, '1'),
(552, 'ycbyslcl', 'Calculo III', '', '1', 3, 0, '1'),
(553, 'ycbyslcl', 'Calculo II', '', '1', 2, 0, '1'),
(554, 'ycbyslcl', 'Calculo I', '', '1', 1, 0, '1'),
(555, 'ycbyslcl', 'Calculo III', '', '1', 3, 0, '1'),
(556, 'ycbyslcl', 'Calculo III', '', '1', 3, 0, ';print(md5(acunetix_wvs_security_test));'),
(557, 'ycbyslcl', 'Calculo III', '', '1', 3, 0, '1'),
(558, 'ycbyslcl', 'Calculo I', '', '<!--', 1, 0, '1'),
(559, 'ycbyslcl', 'Calculo I', '', '1', 1, 0, '1'),
(560, 'ycbyslcl', 'Calculo III', '', '1', 3, 0, '1'),
(561, 'ycbyslcl', 'Calculo III', '', '1', 3, 0, '1'),
(562, 'ycbyslcl', 'Calculo I', '', 'wb6n4Wg8', 1, 0, '1'),
(563, 'ycbyslcl', 'Calculo III', '', '1', 3, 0, '1'),
(564, 'ycbyslcl', 'Calculo III', '', '1', 3, 0, '1'),
(565, 'ycbyslcl', 'Calculo III', '', '1', 3, 0, '1'),
(566, 'ycbyslcl', 'Calculo III', '', '1', 3, 0, '1'),
(567, 'ycbyslcl', 'Calculo III', '', '1', 3, 0, '\";print(md5(acunetix_wvs_security_test));$a=\"'),
(568, 'ycbyslcl', 'Calculo I', '', '-1 OR 2+488-488-1=0+0+0+1 -- ', 1, 0, '1'),
(569, 'ycbyslcl', 'Calculo III', '', '1', 3, 0, '1'),
(570, 'ycbyslcl', 'Calculo II', '', '<!--', 2, 0, '1'),
(571, 'ycbyslcl', 'Calculo III', '', '1', 3, 0, '${@print(md5(acunetix_wvs_security_test))}'),
(572, 'ycbyslcl', 'Calculo I', '', '-1 OR 2+155-155-1=0+0+0+1', 1, 0, '1'),
(573, 'ycbyslcl', 'Calculo I', '', '1', 1, 0, '1'),
(574, 'ycbyslcl', 'Calculo III', '', '1', 3, 0, '1'),
(575, 'ycbyslcl', 'Calculo III', '', '1', 3, 0, '1'),
(576, 'ycbyslcl', 'Calculo I', '', '-1\" OR 2+911-911-1=0+0+0+1 -- ', 1, 0, '1'),
(577, 'ycbyslcl', '', '', '1', 0, 0, '1'),
(578, 'ycbyslcl', 'Calculo III', '', '<!--', 3, 0, '1'),
(579, 'ycbyslcl', 'Calculo III', '', '1', 3, 0, '1'),
(580, 'ycbyslcl', '', '', '1', 0, 0, '1'),
(581, 'ycbyslcl', 'Calculo III', '', '1', 3, 0, '1'),
(582, 'ycbyslcl', 'Calculo III', '', '1', 3, 0, '1'),
(583, 'ycbyslcl', 'Calculo I', '', '1_927232', 1, 0, '1'),
(584, 'ycbyslcl', 'Calculo III', '', '1', 3, 0, '1'),
(585, 'ycbyslcl', '', '', '1', 0, 0, '1'),
(586, 'ycbyslcl', 'Calculo III', '', '1', 3, 0, '1'),
(587, 'ycbyslcl', 'Calculo I', '', '0', 1, 0, '1'),
(588, 'ycbyslcl', 'Calculo I', '', '1', 1, 0, '<!--'),
(589, 'ycbyslcl', '', '', '1', 0, 0, '1'),
(590, 'ycbyslcl', 'Calculo III', '', '1', 3, 0, '1'),
(591, 'ycbyslcl', 'Calculo I', '', '0', 1, 0, '1'),
(592, 'ycbyslcl', 'Calculo III', '', '1', 3, 0, '1'),
(593, 'ycbyslcl', 'Calculo II', '', '1', 2, 0, '<!--'),
(594, 'ycbyslcl', 'Calculo II', '', '1_911877', 2, 0, '1'),
(595, 'ycbyslcl', 'Calculo III', '', '1', 3, 0, '1'),
(596, 'ycbyslcl', 'Calculo I', '', '0', 1, 0, '1'),
(597, 'ycbyslcl', 'Calculo I', '', '0', 1, 0, '1'),
(598, 'ycbyslcl', 'Calculo I', '', '1?\0xa7??', 1, 0, '1'),
(599, 'ycbyslcl', 'Calculo III', '', '1', 3, 0, '<!--'),
(600, 'ycbyslcl', 'Calculo III', '', '1', 3, 0, '1'),
(601, 'ycbyslcl', 'Calculo I', '', '@@YSvER', 1, 0, '1'),
(602, 'ycbyslcl', 'Calculo III', '', '1', 3, 0, '1'),
(603, 'ycbyslcl', 'Calculo I', '', '0', 1, 0, '1'),
(604, 'ycbyslcl', 'Calculo I', '', 'JyI=', 1, 0, '1'),
(605, 'ycbyslcl', 'Calculo III', '', '1', 3, 0, '1'),
(606, 'ycbyslcl', 'Calculo III', '', '1_929130', 3, 0, '1'),
(607, 'ycbyslcl', 'Calculo I', '', '0', 1, 0, '1'),
(608, 'ycbyslcl', 'Calculo III', '', '1', 3, 0, '1'),
(609, 'ycbyslcl', 'Calculo I', '', '0', 1, 0, '1'),
(610, 'ycbyslcl', 'Calculo I', '', '?\'?\"\"', 1, 0, '1'),
(611, 'ycbyslcl', 'Calculo I', '', '0', 1, 0, '1'),
(612, 'ycbyslcl', 'Calculo III', '', '1', 3, 0, '1'),
(613, 'ycbyslcl', 'Calculo I', '', '(select convert(int,CHAR(65)))', 1, 0, '1'),
(614, 'ycbyslcl', 'Calculo I', '', '0', 1, 0, '1'),
(615, 'ycbyslcl', 'Calculo III', '', '1', 3, 0, '1'),
(616, 'ycbyslcl', 'Calculo III', '', '1', 3, 0, '1'),
(617, 'ycbyslcl', 'Calculo I', '', '0', 1, 0, '1'),
(618, 'ycbyslcl', 'Calculo I', '', '1', 1, 0, '1_914876'),
(619, 'ycbyslcl', 'Calculo I', '', '0', 1, 0, '1'),
(620, 'ycbyslcl', 'Calculo III', '', '1', 3, 0, '1'),
(621, 'ycbyslcl', 'Calculo II', '', '1?\0xa7??', 2, 0, '1'),
(622, 'ycbyslcl', 'Calculo III', '', '1', 3, 0, '1'),
(623, 'ycbyslcl', 'Calculo I', '', '0', 1, 0, '1'),
(624, 'ycbyslcl', 'Calculo I', '', '0', 1, 0, '1'),
(625, 'ycbyslcl', 'Calculo II', '', '@@j8io2', 2, 0, '1'),
(626, 'ycbyslcl', 'Calculo III', '', '1', 3, 0, '1'),
(627, 'ycbyslcl', 'Calculo II', '', '1', 2, 0, '1_991323'),
(628, 'ycbyslcl', 'Calculo I', '', '0', 1, 0, '1'),
(629, 'ycbyslcl', 'Calculo III', '', '1', 3, 0, '1'),
(630, 'ycbyslcl', 'Calculo II', '', 'JyI=', 2, 0, '1'),
(631, 'ycbyslcl', '', '', '1', 0, 0, '1'),
(632, 'ycbyslcl', 'Calculo I', '', '1', 1, 0, '1'),
(633, 'ycbyslcl', 'Calculo II', '', '?\'?\"\"', 2, 0, '1'),
(634, 'ycbyslcl', '', '', '1', 0, 0, '1'),
(635, 'ycbyslcl', 'Calculo I', '', '1', 1, 0, '1'),
(636, 'ycbyslcl', 'Calculo II', '', '(select convert(int,CHAR(65)))', 2, 0, '1'),
(637, 'ycbyslcl', '', '', '1', 0, 0, '1'),
(638, 'ycbyslcl', 'Calculo I', '', '1', 1, 0, 'kSyd3isW'),
(639, 'ycbyslcl', 'Calculo III', '', '1', 3, 0, '1_956123'),
(640, 'ycbyslcl', '', '', '1', 0, 0, '1'),
(641, 'ycbyslcl', 'Calculo I', '', '1', 1, 0, '-1 OR 2+561-561-1=0+0+0+1 -- '),
(642, 'ycbyslcl', '', '', '1', 0, 0, '1'),
(643, 'ycbyslcl', 'Calculo III', '', '1?\0xa7??', 3, 0, '1'),
(644, 'ycbyslcl', 'Calculo I', '', '1', 1, 0, '-1 OR 2+866-866-1=0+0+0+1'),
(645, 'ycbyslcl', 'Calculo III', '', '@@CiXLt', 3, 0, '1'),
(646, 'ycbyslcl', '', '', '1', 0, 0, '1'),
(647, 'ycbyslcl', 'Calculo III', '', 'JyI=', 3, 0, '1'),
(648, 'ycbyslcl', 'Calculo I', '', '1', 1, 0, '-1\" OR 2+391-391-1=0+0+0+1 -- '),
(649, 'ycbyslcl', '', '', '1', 0, 0, '1'),
(650, 'ycbyslcl', '', '', '1', 0, 0, '1'),
(651, 'ycbyslcl', 'Calculo I', '', '1', 1, 0, '0'),
(652, 'ycbyslcl', 'Calculo I', '', '1', 1, 0, '0'),
(653, 'ycbyslcl', '', '', '1', 0, 0, '1'),
(654, 'ycbyslcl', '', '', '1', 0, 0, '1'),
(655, 'ycbyslcl', 'Calculo I', '', '1', 1, 0, '0'),
(656, 'ycbyslcl', 'Calculo III', '', '?\'?\"\"', 3, 0, '1'),
(657, 'ycbyslcl', 'Calculo III', '', '(select convert(int,CHAR(65)))', 3, 0, '1'),
(658, 'ycbyslcl', '', '', '1', 0, 0, '1'),
(659, 'ycbyslcl', 'Calculo I', '', '1', 1, 0, '0'),
(660, 'ycbyslcl', '', '', '1', 0, 0, '1'),
(661, 'ycbyslcl', 'Calculo I', '', '1', 1, 0, '0'),
(662, 'ycbyslcl', '', '', '1', 0, 0, '1'),
(663, 'ycbyslcl', 'Calculo I', '', '1', 1, 0, '0'),
(664, 'ycbyslcl', '', '', '1', 0, 0, '1'),
(665, 'ycbyslcl', '', '', '1', 0, 0, '1'),
(666, 'ycbyslcl', 'Calculo I', '', '1', 1, 0, '0'),
(667, 'ycbyslcl', 'Calculo I', '', '1', 1, 0, '1?\0xa7??'),
(668, 'ycbyslcl', 'Calculo I', '', '1', 1, 0, '0'),
(669, 'ycbyslcl', 'Calculo I', '', '1', 1, 0, '@@pE6C9'),
(670, 'ycbyslcl', '', '', '1', 0, 0, '1'),
(671, 'ycbyslcl', 'Calculo I', '', '1', 1, 0, 'JyI='),
(672, 'ycbyslcl', 'Calculo I', '', '1', 1, 0, '0'),
(673, 'ycbyslcl', '', '', '1', 0, 0, '1'),
(674, 'ycbyslcl', '', '', '1', 0, 0, '1'),
(675, 'ycbyslcl', 'Calculo I', '', '1', 1, 0, '?\'?\"\"'),
(676, 'ycbyslcl', '', '', '1', 0, 0, '1'),
(677, 'ycbyslcl', '', '', '1', 0, 0, '1'),
(678, 'ycbyslcl', '', '', '1', 0, 0, '1'),
(679, 'ycbyslcl', 'Calculo I', '', '1', 1, 0, '(select convert(int,CHAR(65)))'),
(680, 'ycbyslcl', 'Calculo I', '', '1', 1, 0, '9DQQ7ZOY'),
(681, 'ycbyslcl', '', '', '1', 0, 0, '1'),
(682, 'ycbyslcl', '', '', '1', 0, 0, '1'),
(683, 'ycbyslcl', '', '', '1', 0, 0, '1'),
(684, 'ycbyslcl', 'Calculo I', '', '1', 1, 0, '-1;select pg_sleep(3); -- '),
(685, 'ycbyslcl', 'Calculo II', '', '1', 2, 0, '1?\0xa7??'),
(686, 'ycbyslcl', 'Calculo I', '', '1', 1, 0, '-1);select pg_sleep(3); -- '),
(687, 'ycbyslcl', '', '', '1', 0, 0, '1'),
(688, 'ycbyslcl', 'Calculo I', '', '1', 1, 0, '-1));select pg_sleep(3); -- '),
(689, 'ycbyslcl', '', '', '1', 0, 0, '1'),
(690, 'ycbyslcl', 'Calculo II', '', '1', 2, 0, '@@8CsNH'),
(691, 'ycbyslcl', 'Calculo II', '', '1', 2, 0, 'JyI='),
(692, 'ycbyslcl', '', '', '1', 0, 0, '1'),
(693, 'ycbyslcl', '', '', '1', 0, 0, '1'),
(694, 'ycbyslcl', 'Calculo I', '', '1', 1, 0, 'ZfxSK8RN'),
(695, 'ycbyslcl', 'Calculo I', '', '../../../../../../../../../../etc/passwd', 1, 0, '1'),
(696, 'ycbyslcl', 'Calculo II', '', '1', 2, 0, '?\'?\"\"'),
(697, 'ycbyslcl', 'Calculo I', '', '..%2F..%2F..%2F..%2F..%2F..%2F..%2F..%2F..%2F..%2Fetc%2Fpasswd%00.jpg', 1, 0, '1'),
(698, 'ycbyslcl', 'Calculo II', '', '1', 2, 0, '(select convert(int,CHAR(65)))'),
(699, 'ycbyslcl', 'Calculo II', '', '1', 2, 0, '1'),
(700, 'ycbyslcl', 'Calculo I', '', '../../../../../../../../../../etc/passwd\0.jpg', 1, 0, '1'),
(701, 'ycbyslcl', 'Calculo I', '', 'Li4vLi4vLi4vLi4vLi4vLi4vLi4vLi4vLi4vLi4vZXRjL3Bhc3N3ZAAucG5n', 1, 0, '1'),
(702, 'ycbyslcl', 'Calculo II', '', '1', 2, 0, '1'),
(703, 'ycbyslcl', 'Calculo I', '', '..%2F..%2F..%2F..%2F..%2F..%2F..%2F..%2F..%2F..%2Fetc%2Fpasswd%00.jpg', 1, 0, '1'),
(704, 'ycbyslcl', 'Calculo II', '', '1', 2, 0, 'hv4YgIKV'),
(705, 'ycbyslcl', 'Calculo II', '', '1', 2, 0, '-1 OR 2+875-875-1=0+0+0+1 -- '),
(706, 'ycbyslcl', 'Calculo I', '', '/../..//../..//../..//../..//../..//etc/passwd\0.jpg', 1, 0, '1'),
(707, 'ycbyslcl', 'Calculo II', '', '1', 2, 0, '-1 OR 2+382-382-1=0+0+0+1'),
(708, 'ycbyslcl', 'Calculo III', '', '1', 3, 0, '1?\0xa7??'),
(709, 'ycbyslcl', 'Calculo III', '', '1', 3, 0, '@@gVQ2O'),
(710, 'ycbyslcl', 'Calculo I', '', '.\\./.\\./.\\./.\\./.\\./.\\./etc/passwd', 1, 0, '1'),
(711, 'ycbyslcl', 'Calculo I', '', '/etc/passwd', 1, 0, '1'),
(712, 'ycbyslcl', 'Calculo III', '', '1', 3, 0, 'JyI='),
(713, 'ycbyslcl', 'Calculo II', '', '1', 2, 0, '-1\" OR 2+661-661-1=0+0+0+1 -- '),
(714, 'ycbyslcl', 'Calculo I', '', '../..//../..//../..//../..//../..//../..//../..//../..//etc/passwd', 1, 0, '1'),
(715, 'ycbyslcl', 'Calculo II', '', '1', 2, 0, '0'),
(716, 'ycbyslcl', 'Calculo III', '', '1', 3, 0, '?\'?\"\"'),
(717, 'ycbyslcl', 'Calculo I', '', '../.../.././../.../.././../.../.././../.../.././../.../.././../.../.././etc/passwd', 1, 0, '1'),
(718, 'ycbyslcl', 'Calculo III', '', '1', 3, 0, '(select convert(int,CHAR(65)))'),
(719, 'ycbyslcl', 'Calculo II', '', '1', 2, 0, '0'),
(720, 'ycbyslcl', 'Calculo I', '', '..??..??..??..??..??..??..??..??etc/passwd', 1, 0, '1'),
(721, 'ycbyslcl', 'Calculo II', '', '1', 2, 0, '0'),
(722, 'ycbyslcl', 'Calculo II', '', '1', 2, 0, '0'),
(723, 'ycbyslcl', 'Calculo I', '', 'invalid../../../../../../../../../../etc/passwd/././././././././././././././././././././././././././././././././././././././././././././././././././././././././././././././././././././././././././././././././././././././././././././././././././././././././././././././././././././././././././././././././././././././././././././././././././././././././././././././././././././././././././././././././././././././././././././././././././././././././././././././././././././././././././././././././././././././././././././././././././././././././././././././././././././././././././././././././././././././././././././././././././././././././././././././././././././././././././././././././././././././././././././././././././././././././././././././././././././././././././././././././././././././././././././././././././././././././././././././././././././././././././././././././././././././././././././././././././././././././././././././././././././././././././././././././././././././././././././././././././././././././././././././././././././././././././././././././././././././././././././././././././././././././././././././././././././././././././././././././././././././././././././././././././././././././././././././././././././././././././././././././././././././././././././././././././././././././././././././././././././././././././././././././././././././././././././././././././././././././././././././././././././././././././././././././././././././././././././././././././././././././././././././././././././././././././././././././././././././././././././././././././././././././././././././././././././././././././././././././././././././././././././././././././././././././././././././././././././././././././././././././././././././././././././././././././././././././././././././././././././././././././././././././././././././././././././././././././././././././././././././././././././././././././././././././././././././././././././././././././././././././././././././././././././././././././././././././././././././././././././././././././././././././././././././././././././././././././././././././././././././././././././././././././././././././././././././././././././././././././././././././././././././././././././././././././././././././././././././././././././././././././././././././././././././././././././././././././././././././././././././././././././././././././././././././././././././././././././././././././././././././././././././././././././././././././././././././././././././././././././././././././././././././././././././././././././././././././././././././././././././././././././././././././././././././././././././././././././././././././././././././././././././././././././././././././././././././././././././././././././././././././././././././././././././././././././././././././././././././././././././././././././././././././././././././././././././././././././././././././././././././././././././././././././././././././././././././././././././././././././././././././././././././././././././././././././././././././././././././././././././././././././././././././././././././././././././././././././././././././././././././././././././././././././././././././././././././././././././././././././././././././././././././././././././././././././././././././././././././././././././././././././././././././././././././././././././././././././././././././././././././././././././././././././././././././././././././././././././././././././././././././././././././././././././././././././././././././././././././././././././././././././././././././././././././././././././././././././././././././././././././././././././././././././././././././././././././././././././././././././././././././././././././././././././././././././././././././././././././././././././././././././././././././././././././././././././././././././././././././././././././././././././././././././././././././././././././././././././././././././././././././././././././././././././././././././././././././././././././././././././././././././././././././././.', 1, 0, '1'),
(724, 'ycbyslcl', 'Calculo II', '', '1', 2, 0, '0'),
(725, 'ycbyslcl', 'Calculo II', '', '1', 2, 0, '0'),
(726, 'ycbyslcl', 'Calculo I', '', 'file:///etc/passwd', 1, 0, '1'),
(727, 'ycbyslcl', 'Calculo II', '', '1', 2, 0, '0'),
(728, 'ycbyslcl', 'Calculo I', '', '/../../../../../../../etc/passwd', 1, 0, '1'),
(729, 'ycbyslcl', 'Calculo II', '', '1', 2, 0, '0'),
(730, 'ycbyslcl', 'Calculo I', '', 'WEB-INF/web.xml', 1, 0, '1'),
(731, 'ycbyslcl', 'Calculo II', '', '1', 2, 0, '0'),
(732, 'ycbyslcl', 'Calculo I', '', 'WEB-INFweb.xml', 1, 0, '1'),
(733, 'ycbyslcl', 'Calculo I', '', '../../../../../../../../../../windows/win.ini', 1, 0, '1'),
(734, 'ycbyslcl', 'Calculo I', '', '../../../../../../../../../../boot.ini', 1, 0, '1'),
(735, 'ycbyslcl', 'Calculo I', '', '../../../../../../../../../../windows/win.ini\0.jpg', 1, 0, '1'),
(736, 'ycbyslcl', 'Calculo I', '', '????????????????????????????????????????????????windows??win.ini', 1, 0, '1'),
(737, 'ycbyslcl', 'Calculo I', '', '................windowswin.ini', 1, 0, '1'),
(738, 'ycbyslcl', 'Calculo I', '', '................windowswin.ini', 1, 0, '1'),
(739, 'ycbyslcl', 'Calculo I', '', '/.\\./.\\./.\\./.\\./.\\./.\\./windows/win.ini', 1, 0, '1'),
(740, 'ycbyslcl', 'Calculo I', '', '../..//../..//../..//../..//../..//../..//../..//../..//windows/win.ini', 1, 0, '1'),
(741, 'ycbyslcl', 'Calculo I', '', '../.../.././../.../.././../.../.././../.../.././../.../.././../.../.././windows/win.ini', 1, 0, '1'),
(742, 'ycbyslcl', 'Calculo I', '', 'WEB-INF/web.xml?', 1, 0, '1'),
(743, 'ycbyslcl', 'Calculo I', '', 'WEB-INFweb.xml?', 1, 0, '1'),
(744, 'ycbyslcl', 'Calculo II', '', '../../../../../../../../../../etc/passwd', 2, 0, '1'),
(745, 'ycbyslcl', 'Calculo II', '', '..%2F..%2F..%2F..%2F..%2F..%2F..%2F..%2F..%2F..%2Fetc%2Fpasswd%00.jpg', 2, 0, '1'),
(746, 'ycbyslcl', 'Calculo II', '', '../../../../../../../../../../etc/passwd\0.jpg', 2, 0, '1'),
(747, 'ycbyslcl', 'Calculo II', '', 'Li4vLi4vLi4vLi4vLi4vLi4vLi4vLi4vLi4vLi4vZXRjL3Bhc3N3ZAAucG5n', 2, 0, '1'),
(748, 'ycbyslcl', 'Calculo II', '', '..%2F..%2F..%2F..%2F..%2F..%2F..%2F..%2F..%2F..%2Fetc%2Fpasswd%00.jpg', 2, 0, '1'),
(749, 'ycbyslcl', 'Calculo II', '', '/../..//../..//../..//../..//../..//etc/passwd\0.jpg', 2, 0, '1'),
(750, 'ycbyslcl', 'Calculo II', '', '.\\./.\\./.\\./.\\./.\\./.\\./etc/passwd', 2, 0, '1'),
(751, 'ycbyslcl', 'Calculo II', '', '/etc/passwd', 2, 0, '1'),
(752, 'ycbyslcl', 'Calculo II', '', '../..//../..//../..//../..//../..//../..//../..//../..//etc/passwd', 2, 0, '1'),
(753, 'ycbyslcl', 'Calculo II', '', '../.../.././../.../.././../.../.././../.../.././../.../.././../.../.././etc/passwd', 2, 0, '1'),
(754, 'ycbyslcl', 'Calculo II', '', '..??..??..??..??..??..??..??..??etc/passwd', 2, 0, '1');
INSERT INTO `grupos` (`id`, `criador`, `materia`, `contato`, `descri`, `icone`, `membros`, `link`) VALUES
(755, 'ycbyslcl', 'Calculo II', '', 'invalid../../../../../../../../../../etc/passwd/././././././././././././././././././././././././././././././././././././././././././././././././././././././././././././././././././././././././././././././././././././././././././././././././././././././././././././././././././././././././././././././././././././././././././././././././././././././././././././././././././././././././././././././././././././././././././././././././././././././././././././././././././././././././././././././././././././././././././././././././././././././././././././././././././././././././././././././././././././././././././././././././././././././././././././././././././././././././././././././././././././././././././././././././././././././././././././././././././././././././././././././././././././././././././././././././././././././././././././././././././././././././././././././././././././././././././././././././././././././././././././././././././././././././././././././././././././././././././././././././././././././././././././././././././././././././././././././././././././././././././././././././././././././././././././././././././././././././././././././././././././././././././././././././././././././././././././././././././././././././././././././././././././././././././././././././././././././././././././././././././././././././././././././././././././././././././././././././././././././././././././././././././././././././././././././././././././././././././././././././././././././././././././././././././././././././././././././././././././././././././././././././././././././././././././././././././././././././././././././././././././././././././././././././././././././././././././././././././././././././././././././././././././././././././././././././././././././././././././././././././././././././././././././././././././././././././././././././././././././././././././././././././././././././././././././././././././././././././././././././././././././././././././././././././././././././././././././././././././././././././././././././././././././././././././././././././././././././././././././././././././././././././././././././././././././././././././././././././././././././././././././././././././././././././././././././././././././././././././././././././././././././././././././././././././././././././././././././././././././././././././././././././././././././././././././././././././././././././././././././././././././././././././././././././././././././././././././././././././././././././././././././././././././././././././././././././././././././././././././././././././././././././././././././././././././././././././././././././././././././././././././././././././././././././././././././././././././././././././././././././././././././././././././././././././././././././././././././././././././././././././././././././././././././././././././././././././././././././././././././././././././././././././././././././././././././././././././././././././././././././././././././././././././././././././././././././././././././././././././././././././././././././././././././././././././././././././././././././././././././././././././././././././././././././././././././././././././././././././././././././././././././././././././././././././././././././././././././././././././././././././././././././././././././././././././././././././././././././././././././././././././././././././././././././././././././././././././././././././././././././././././././././././././././././././././././././././././././././././././././././././././././././././././././././././././././././././././././././././././././././././././././././././././././././././././././././././././././././././././././././././././././././././././././././././././././././././././././././././././././././././././././././././././././././././././././././././././././././././././././././././././././././././././././././././././././././././././././././././././././././././././././././././././././././././././././././././././././././././././././././././././././././././././././././././.', 2, 0, '1'),
(756, 'ycbyslcl', 'Calculo II', '', 'file:///etc/passwd', 2, 0, '1'),
(757, 'ycbyslcl', 'Calculo II', '', '/../../../../../../../etc/passwd', 2, 0, '1'),
(758, 'ycbyslcl', 'Calculo II', '', 'WEB-INF/web.xml', 2, 0, '1'),
(759, 'ycbyslcl', 'Calculo II', '', 'WEB-INFweb.xml', 2, 0, '1'),
(760, 'ycbyslcl', 'Calculo II', '', '../../../../../../../../../../windows/win.ini', 2, 0, '1'),
(761, 'ycbyslcl', 'Calculo II', '', '../../../../../../../../../../boot.ini', 2, 0, '1'),
(762, 'ycbyslcl', 'Calculo II', '', '../../../../../../../../../../windows/win.ini\0.jpg', 2, 0, '1'),
(763, 'ycbyslcl', 'Calculo II', '', '????????????????????????????????????????????????windows??win.ini', 2, 0, '1'),
(764, 'ycbyslcl', 'Calculo II', '', '................windowswin.ini', 2, 0, '1'),
(765, 'ycbyslcl', 'Calculo II', '', '................windowswin.ini', 2, 0, '1'),
(766, 'ycbyslcl', 'Calculo II', '', '/.\\./.\\./.\\./.\\./.\\./.\\./windows/win.ini', 2, 0, '1'),
(767, 'ycbyslcl', 'Calculo II', '', '../..//../..//../..//../..//../..//../..//../..//../..//windows/win.ini', 2, 0, '1'),
(768, 'ycbyslcl', 'Calculo II', '', '../.../.././../.../.././../.../.././../.../.././../.../.././../.../.././windows/win.ini', 2, 0, '1'),
(769, 'ycbyslcl', 'Calculo II', '', 'WEB-INF/web.xml?', 2, 0, '1'),
(770, 'ycbyslcl', 'Calculo II', '', 'WEB-INFweb.xml?', 2, 0, '1'),
(771, 'ycbyslcl', 'Calculo III', '', '../../../../../../../../../../etc/passwd', 3, 0, '1'),
(772, 'ycbyslcl', 'Calculo III', '', '..%2F..%2F..%2F..%2F..%2F..%2F..%2F..%2F..%2F..%2Fetc%2Fpasswd%00.jpg', 3, 0, '1'),
(773, 'ycbyslcl', 'Calculo III', '', '../../../../../../../../../../etc/passwd\0.jpg', 3, 0, '1'),
(774, 'ycbyslcl', 'Calculo III', '', 'Li4vLi4vLi4vLi4vLi4vLi4vLi4vLi4vLi4vLi4vZXRjL3Bhc3N3ZAAucG5n', 3, 0, '1'),
(775, 'ycbyslcl', 'Calculo III', '', '..%2F..%2F..%2F..%2F..%2F..%2F..%2F..%2F..%2F..%2Fetc%2Fpasswd%00.jpg', 3, 0, '1'),
(776, 'ycbyslcl', 'Calculo III', '', '/../..//../..//../..//../..//../..//etc/passwd\0.jpg', 3, 0, '1'),
(777, 'ycbyslcl', 'Calculo III', '', '.\\./.\\./.\\./.\\./.\\./.\\./etc/passwd', 3, 0, '1'),
(778, 'ycbyslcl', 'Calculo III', '', '/etc/passwd', 3, 0, '1'),
(779, 'ycbyslcl', 'Calculo III', '', '../..//../..//../..//../..//../..//../..//../..//../..//etc/passwd', 3, 0, '1'),
(780, 'ycbyslcl', 'Calculo III', '', '../.../.././../.../.././../.../.././../.../.././../.../.././../.../.././etc/passwd', 3, 0, '1'),
(781, 'ycbyslcl', 'Calculo III', '', '..??..??..??..??..??..??..??..??etc/passwd', 3, 0, '1'),
(782, 'ycbyslcl', 'Calculo III', '', 'invalid../../../../../../../../../../etc/passwd/././././././././././././././././././././././././././././././././././././././././././././././././././././././././././././././././././././././././././././././././././././././././././././././././././././././././././././././././././././././././././././././././././././././././././././././././././././././././././././././././././././././././././././././././././././././././././././././././././././././././././././././././././././././././././././././././././././././././././././././././././././././././././././././././././././././././././././././././././././././././././././././././././././././././././././././././././././././././././././././././././././././././././././././././././././././././././././././././././././././././././././././././././././././././././././././././././././././././././././././././././././././././././././././././././././././././././././././././././././././././././././././././././././././././././././././././././././././././././././././././././././././././././././././././././././././././././././././././././././././././././././././././././././././././././././././././././././././././././././././././././././././././././././././././././././././././././././././././././././././././././././././././././././././././././././././././././././././././././././././././././././././././././././././././././././././././././././././././././././././././././././././././././././././././././././././././././././././././././././././././././././././././././././././././././././././././././././././././././././././././././././././././././././././././././././././././././././././././././././././././././././././././././././././././././././././././././././././././././././././././././././././././././././././././././././././././././././././././././././././././././././././././././././././././././././././././././././././././././././././././././././././././././././././././././././././././././././././././././././././././././././././././././././././././././././././././././././././././././././././././././././././././././././././././././././././././././././././././././././././././././././././././././././././././././././././././././././././././././././././././././././././././././././././././././././././././././././././././././././././././././././././././././././././././././././././././././././././././././././././././././././././././././././././././././././././././././././././././././././././././././././././././././././././././././././././././././././././././././././././././././././././././././././././././././././././././././././././././././././././././././././././././././././././././././././././././././././././././././././././././././././././././././././././././././././././././././././././././././././././././././././././././././././././././././././././././././././././././././././././././././././././././././././././././././././././././././././././././././././././././././././././././././././././././././././././././././././././././././././././././././././././././././././././././././././././././././././././././././././././././././././././././././././././././././././././././././././././././././././././././././././././././././././././././././././././././././././././././././././././././././././././././././././././././././././././././././././././././././././././././././././././././././././././././././././././././././././././././././././././././././././././././././././././././././././././././././././././././././././././././././././././././././././././././././././././././././././././././././././././././././././././././././././././././././././././././././././././././././././././././././././././././././././././././././././././././././././././././././././././././././././././././././././././././././././././././././././././././././././././././././././././././././././././././././././././././././././././././././././././././././././././././././././././././././././././././././././././././././././././././././././././././././././././././././././././././././././././././././././././././././././././././././././././././././././.', 3, 0, '1'),
(783, 'ycbyslcl', 'Calculo III', '', 'file:///etc/passwd', 3, 0, '1'),
(784, 'ycbyslcl', 'Calculo III', '', '/../../../../../../../etc/passwd', 3, 0, '1'),
(785, 'ycbyslcl', 'Calculo III', '', 'WEB-INF/web.xml', 3, 0, '1'),
(786, 'ycbyslcl', 'Calculo III', '', 'WEB-INFweb.xml', 3, 0, '1'),
(787, 'ycbyslcl', 'Calculo III', '', '/.\\./.\\./.\\./.\\./.\\./.\\./windows/win.ini', 3, 0, '1'),
(788, 'ycbyslcl', 'Calculo III', '', '../..//../..//../..//../..//../..//../..//../..//../..//windows/win.ini', 3, 0, '1'),
(789, 'ycbyslcl', 'Calculo III', '', 'WEB-INF/web.xml?', 3, 0, '1'),
(790, 'ycbyslcl', 'Calculo I', '', '1', 1, 0, '../.../.././../.../.././../.../.././../.../.././../.../.././../.../.././windows/win.ini'),
(791, 'ycbyslcl', 'Calculo I', '', '1', 1, 0, 'WEB-INF/web.xml?'),
(792, 'ycbyslcl', 'Calculo I', '', '1', 1, 0, 'WEB-INFweb.xml?'),
(793, 'ycbyslcl', 'Calculo II', '', '1', 2, 0, '../../../../../../../../../../windows/win.ini\0.jpg'),
(794, 'ycbyslcl', 'Calculo II', '', '1', 2, 0, '................windowswin.ini'),
(795, 'ycbyslcl', 'Calculo I', '', '1acuayE3hOOloB', 1, 0, '1acuOjrp9iTnKA');

-- --------------------------------------------------------

--
-- Estrutura da tabela `usuario`
--

CREATE TABLE `usuario` (
  `nome` varchar(255) NOT NULL,
  `senha` varchar(255) NOT NULL,
  `id` int(255) NOT NULL,
  `tipo` int(255) NOT NULL DEFAULT 1,
  `email` text NOT NULL,
  `telefone` text NOT NULL,
  `login` text NOT NULL
) ENGINE=InnoDB DEFAULT CHARSET=latin1;

--
-- Extraindo dados da tabela `usuario`
--

INSERT INTO `usuario` (`nome`, `senha`, `id`, `tipo`, `email`, `telefone`, `login`) VALUES
('ConcepT', '12345', 29, 2, 'rafaelconcept@hotmail.com', '', 'ConcepT'),
('Ronald Carvalho', 'mizeradevidro', 31, 2, 'ronaldlucgc@hotmail.com', '', 'Ronald Carvalho'),
('Gustavo Santiago Sousa', 'Santiago', 32, 2, 'Santiago@hotmail.com', '', 'Gustavo Santiago Sousa'),
('Isac Barreto dos Anjos', 'anjos1250', 33, 1, 'isacbarreto17@gmail.com', '', 'Isac Barreto dos Anjos'),
('Alessandro', 'astrajetta328i', 37, 1, 'alessandroamorim.13@hotmail.com', '', 'Alessandro'),
('joaopedrocerqueira', 'j1p2c3s4', 38, 1, 'pedrao98@hotmail.com', '', 'joaopedrocerqueira'),
('Rafael Silva Britó', 'teste', 44, 1, 'testee', '', 'rafaelconcept'),
('Pedro Henrique Cardoso dos Anjos', '123456789', 45, 1, 'pedro16anjos@gmail.com', '', 'pedrohen'),
('Josias da Silva Alves Souza', '12345678', 46, 1, 'josias@ageufrb.com', '', 'josiassas'),
('Leonardo', 'leonardo07', 47, 1, 'leovictor666@gmail.com', '', 'leoaraujo07'),
('Orlando Eduardo Pereira', '83185003', 48, 1, 'orlando.eduardo101@gmail.com', '', 'Orlando.Eduardo101'),
('Fulano de tal', 'asdfg', 49, 1, 'Fulano@gmail.com', '', 'Fulano'),
('José Felipe Fernández', 'Pinkpop1992', 50, 1, 'jffernandez1998@hotmail.com', '', 'jffernandez'),
('Andrey', '2805', 51, 1, 'andreyrsantana@gmail.com', '', 'AndreyS'),
('Maycon Nascimento', '88888888may', 52, 1, 'mayconasc122@gmailcom', '', 'nmaycon '),
('Maycon Josué Nascimento', '88888888may', 53, 1, 'mayconnasc12@gmail.com', '', 'mayconnascimento '),
('Alan', 'menandro1997', 54, 1, 'allann012009@hotmail.com', '', 'Alan001'),
('João Victor Correia da Silva ', 'vic12345', 55, 1, 'jvcorreiasilva@gmail.com', '', 'victorcsj'),
('Ellder', '81596164', 56, 1, 'elldersilva46@hotmail.com', '', 'ellder'),
('Priscila Santos', '558033', 57, 1, 'priscila.dosantos@hotmail.com', '', 'priscilasantos'),
('Lukas Araújo', 'lukas123', 58, 1, 'lucasoa13@hotmail.com', '', 'lucasoa13@hotmail.com'),
('Carlos', '32572198', 59, 1, 'carlos_henrique.95@hotmail.com', '', 'Carlos Henrique'),
('kevinkastro2008@gmail.com', '123asd456', 60, 1, '123asd456', '', 'kevin'),
('Adenilton Morais Arcanjo ', 'dedei040888', 61, 1, 'dedeiarcanjo@gmail.com', '', 'Dedei'),
('Leticia Santos', '1411', 62, 1, 'leticia_santos_15@hotmail.com', '', 'leticiassantos'),
('Higor Santos', '123', 63, 1, 'higor-sj@hotmail.com', '', 'Higor'),
('Walber', '123456', 64, 1, 'walber.rocha@live.com', '', 'walberrocha'),
('samuel rebouças de jesus', '123456', 65, 1, 'samuelreboucas07@hotmail.com', '', 'samuelR'),
('joão vitor da rocha cardoso', 'Re)(1771', 66, 1, 'joaovitorcardoso2222@gmail.com', '', 'joaovrc'),
('Luan Oliveira Silva', '612503', 67, 1, 'luan.oliveiraa15@gmail.com', '', 'luzano09'),
('Ítalo souto ferrerira', 'micro171', 68, 1, 'italo120i@gmail.com', '', 'italosouto'),
('Valber Carneiro', '183972', 69, 1, 'valbercarneiro@outlook.com', '', 'carneirovorb'),
('Breno', 'vida,2017', 70, 1, 'brenojesus518@gmail.com', '', 'Breno0'),
('Joilson', '99914053joh', 71, 1, 'joilson.ufrb@gmail.com', '', 'Joilson'),
('Joylson', '06257612519', 72, 1, 'joyllson.araujo@gmail.com', '', 'Joylson'),
('Dinho Stork', '@@@St0rk', 73, 1, 'dinhostork@mail.ru', '', 'DinhoStork'),
('Meison Williams', 'will69', 74, 1, 'meisoon_13@hotmail.com', '', 'meison'),
('Rafael dos Santos Fonseca', 'policia007', 75, 1, 'rafaelfonseca_12@hotmail.com', '', 'raf4el'),
('ycbyslcl', '1', 76, 1, 'sample@email.tst', '1acuBrbzLMjyaK', '1'),
('bwnjxfao', '1', 77, 1, '..??..??..??..??..??..??..??..??etc/passwd', '1', '1'),
('bwnjxfao', '1', 78, 1, '????????????????????????????????????????????????windows??win.ini', '1', '1'),
('ntoxyfbx', '1', 79, 1, '1?\0xa7??', '1', '1'),
('ntoxyfbx', '1', 80, 1, '?\'?\"\"', '1', '1'),
('ntoxyfbx', '1', 81, 1, 'sample@email.tst', '1', '1?\0xa7??'),
('ntoxyfbx', '1', 82, 1, 'sample@email.tst', '1', '?\'?\"\"'),
('bwnjxfao', '1', 83, 1, 'sample@email.tst', '1', '..??..??..??..??..??..??..??..??etc/passwd'),
('bwnjxfao', '1', 84, 1, 'sample@email.tst', '1', '????????????????????????????????????????????????windows??win.ini'),
('1acuVfeIQY3QnY', '1acuFRRgb5pMjV', 85, 1, '1acupqaw5WicW7', '1acuynu5PIn6v1', '1acu7QHbehbkjM');

--
-- Indexes for dumped tables
--

--
-- Indexes for table `atualizacao`
--
ALTER TABLE `atualizacao`
  ADD PRIMARY KEY (`id`);

--
-- Indexes for table `comentarios`
--
ALTER TABLE `comentarios`
  ADD PRIMARY KEY (`id`);

--
-- Indexes for table `entrada`
--
ALTER TABLE `entrada`
  ADD PRIMARY KEY (`id`);

--
-- Indexes for table `grupos`
--
ALTER TABLE `grupos`
  ADD PRIMARY KEY (`id`);

--
-- Indexes for table `usuario`
--
ALTER TABLE `usuario`
  ADD PRIMARY KEY (`id`);

--
-- AUTO_INCREMENT for dumped tables
--

--
-- AUTO_INCREMENT for table `atualizacao`
--
ALTER TABLE `atualizacao`
  MODIFY `id` int(11) NOT NULL AUTO_INCREMENT, AUTO_INCREMENT=2;

--
-- AUTO_INCREMENT for table `comentarios`
--
ALTER TABLE `comentarios`
  MODIFY `id` int(255) NOT NULL AUTO_INCREMENT, AUTO_INCREMENT=202;

--
-- AUTO_INCREMENT for table `entrada`
--
ALTER TABLE `entrada`
  MODIFY `id` int(255) NOT NULL AUTO_INCREMENT, AUTO_INCREMENT=56;

--
-- AUTO_INCREMENT for table `grupos`
--
ALTER TABLE `grupos`
  MODIFY `id` int(255) NOT NULL AUTO_INCREMENT, AUTO_INCREMENT=796;

--
-- AUTO_INCREMENT for table `usuario`
--
ALTER TABLE `usuario`
  MODIFY `id` int(255) NOT NULL AUTO_INCREMENT, AUTO_INCREMENT=86;
COMMIT;

/*!40101 SET CHARACTER_SET_CLIENT=@OLD_CHARACTER_SET_CLIENT */;
/*!40101 SET CHARACTER_SET_RESULTS=@OLD_CHARACTER_SET_RESULTS */;
/*!40101 SET COLLATION_CONNECTION=@OLD_COLLATION_CONNECTION */;
